Player,Nation,Position,Team,Age,Born,Matches Played,Starts,Minutes Played,Goals Against,Shots on Target Against,Saves,Clean Sheets,Penalty Kicks Attempted,Penalty Kicks Allowed,Penalty Kicks Saved,Penalty Kicks Missed,Post-Shot Expected Goals,Launched Passes Completed,Launched Passes Attempted,Passes Attempted (GK),Through Balls,Goal Kicks Attempted,Crosses Opposed,Crosses Stopped,Sweeper Actions,Penalties Winner,Efficiency,% Saves,% Long Passes,% Crosses Stopped
AJ Marcucci,us USA,GK,NY Red Bulls,25-353,1999,1,1,90,70,4,3,11,18,21,38,45,9,42,74,58,21,9,6,73,91,35,15,6,11,94
Adam Beaudry,us USA,GK,Colorado Rapids,19-092,2006,1,1,90,3,76,60,11,18,21,38,45,94,42,84,23,93,39,0,5,6,35,4,17,8,5
Adam Davies,wls WAL,GK,Sheffield Utd,32,1992,3,3,270,70,7,5,65,18,21,38,45,17,69,51,54,87,34,78,88,6,35,33,13,81,81
Adrian Šemper,hr CRO,GK,Pisa,26,1998,36,36,3240,78,23,34,60,37,43,38,45,27,91,79,64,11,20,54,78,32,35,70,71,82,76
Agustín Marchesín,ar ARG,GK,Boca Juniors,37-125,1988,16,16,1440,86,16,28,87,18,21,38,45,13,28,19,22,65,81,56,54,23,35,73,83,60,52
Agustín Rossi,ar ARG,GK,Flamengo,29-332,1995,19,19,1710,93,8,19,95,65,48,94,45,5,16,12,50,25,8,16,57,47,93,66,86,52,75
Alan Aguerre,ar ARG,GK,ar Cen. Córdoba–SdE,34-330,1990,22,22,1980,52,18,15,62,51,59,38,45,22,17,35,3,11,70,38,23,20,35,18,24,14,25
Aldair Quintana,co COL,GK,co CA Bucaramanga,31-008,1994,6,6,540,25,89,85,32,89,77,97,45,79,50,33,23,89,61,45,45,59,96,64,44,77,48
Alec Smir,us USA,GK,Minnesota Utd,26-097,1999,2,1,161,24,78,71,11,18,21,38,45,76,75,93,32,3,43,88,5,66,35,51,37,15,5
Alessandro Micai,it ITA,GK,Cosenza,31,1993,37,37,3296,38,53,55,36,49,48,38,92,46,90,86,82,37,30,66,90,94,74,24,49,68,88
Alessandro Russo,it ITA,GK,Sassuolo,23,2001,1,1,90,70,76,89,11,98,98,38,45,66,3,2,63,100,9,6,96,59,35,93,87,43,99
Alessandro Sorrentino,it ITA,GK,Frosinone,22,2002,2,2,180,1,97,89,11,94,94,38,45,98,42,27,42,68,14,46,29,6,35,4,10,74,30
Alessio Cragno,it ITA,GK,Sampdoria,30,1994,14,14,1260,70,9,8,80,46,55,38,45,28,87,77,38,44,68,58,90,73,35,61,24,76,90
Alex Muralha,br BRA,GK,Mirassol,35-251,1989,6,6,540,35,50,42,11,68,77,38,45,50,11,18,20,27,34,92,29,94,35,22,27,10,21
Alex Padilla,es ESP,GK,UNAM,20,2003,10,10,900,23,40,22,39,53,62,38,45,54,58,55,54,52,54,32,65,31,35,13,12,60,74
Alex Palmer,eng ENG,GK,West Brom,27,1996,30,30,2700,78,23,39,73,37,43,38,45,17,54,66,90,75,27,69,82,76,35,51,80,33,73
Alexis Martin Arias,ar ARG,GK,py Cerro Porteño,33-015,1992,3,3,270,13,96,96,65,18,21,38,45,86,98,92,6,14,98,94,18,37,35,33,61,96,14
Alexis Villa,ec ECU,GK,ec LDU de Quito,23-300,2001,1,0,14,97,0,1,99,18,21,38,45,0,99,99,51,0,98,38,5,6,35,51,0,44,5
Alfonso Blanco Antúnez,mx MEX,GK,León,37,1987,26,26,2340,49,73,83,54,63,67,38,94,56,60,50,56,78,89,54,24,44,79,66,79,69,23
Alfred Gomis,sn SEN,GK,Palermo,30,1993,1,1,36,97,76,96,11,18,21,38,45,0,14,1,95,81,2,4,5,6,35,51,98,99,5
Aljaž Ivačič,si SVN,GK,NE Revolution,31-202,1993,22,22,1980,44,49,46,72,71,81,38,45,45,33,46,13,11,81,34,23,20,35,31,42,26,25
Anatolii Trubin,ua UKR,GK,Benfica,22,2001,32,32,2880,79,18,24,77,51,52,81,45,27,12,6,28,62,24,9,47,29,74,76,60,63,77
Andre Blake,jm JAM,GK,Philadelphia Union,34-240,1990,14,14,1260,77,20,27,72,62,71,38,45,28,70,42,38,28,32,15,29,84,35,73,64,90,43
Andrea Fulignati,it ITA,GK,Cremonese,29,1994,38,38,3420,59,16,12,41,65,69,38,92,28,47,32,94,38,8,30,65,65,74,36,27,73,75
Andreas Jungdal,dk DEN,GK,Westerlo,22,2002,8,8,720,51,23,20,50,82,67,95,45,37,82,81,83,81,55,77,73,71,94,33,23,48,63
Andrew,br BRA,GK,Gil Vicente FC,23,2001,33,33,2970,42,36,31,41,77,81,38,92,50,38,35,70,76,81,63,81,62,74,36,26,57,76
Andrew Rick,us USA,GK,Philadelphia Union,19-170,2006,9,9,810,70,6,4,81,18,21,38,45,23,72,66,8,25,59,11,18,37,35,48,11,59,28
Andrew Tarbell,us USA,GK,Houston Dynamo,31-285,1993,4,4,306,11,57,27,57,18,21,38,45,82,32,24,45,66,8,11,16,68,35,18,9,58,24
Andrew Thomas,ru RUS,GK,Seattle Sounders,26-321,1998,4,4,360,5,94,77,11,98,98,38,45,95,2,6,7,81,26,40,90,16,35,11,12,2,93
Andries Noppert,nl NED,GK,Heerenveen,30,1994,16,16,1365,31,57,53,39,46,55,38,45,73,49,67,90,46,41,35,63,82,35,56,33,23,71
Andrés Gudiño,mx MEX,GK,Cruz Azul,27,1997,1,1,90,70,14,15,11,18,21,38,45,5,9,2,81,52,22,1,5,6,35,8,39,99,5
Andrés Sánchez,mx MEX,GK,Atlético,26,1997,30,30,2624,33,62,56,24,46,43,81,45,58,25,22,72,72,88,48,57,86,74,26,31,46,58
Angus Gunn,sct SCO,GK,Norwich City,28,1996,35,35,3104,52,29,30,39,58,67,38,45,28,11,16,88,79,12,47,48,87,35,25,44,10,50
Anthoni,br BRA,GK,Internacional,23-177,2002,18,17,1575,37,37,33,46,43,52,38,45,30,15,15,4,15,66,20,35,63,35,10,28,34,49
Anthony Moris,lu LUX,GK,Union SG,34,1990,30,30,2700,81,21,34,80,46,43,38,92,34,86,66,69,29,6,48,42,47,74,85,74,86,42
Anthony Patterson,eng ENG,GK,Sunderland,24,2000,42,42,3780,70,16,21,65,58,62,78,45,20,35,49,69,68,50,42,33,34,71,40,57,27,36
Arnaud Bodart,be BEL,GK,Standard Liège,26,1998,2,2,180,91,14,36,87,18,21,38,45,50,97,99,39,7,75,95,99,99,35,97,92,39,98
Arturo Delgado,mx MEX,GK,FC Juárez,22,2002,2,2,180,91,87,96,87,18,21,38,45,24,73,74,73,52,91,6,73,6,35,93,95,49,94
Axel Werner,ar ARG,GK,Rosario Central,29-141,1996,2,2,180,97,2,6,97,18,21,38,45,10,21,23,2,35,66,65,29,6,35,96,98,35,26
Aynsley Pears,eng ENG,GK,Blackburn,26,1998,40,40,3600,64,37,44,62,53,57,78,45,36,51,66,56,27,18,65,29,21,71,61,60,25,26
Balázs Tóth,hu HUN,GK,Blackburn,26,1997,6,6,540,81,27,42,65,18,21,38,45,44,21,84,44,27,72,74,73,47,35,90,80,4,65
Ben Killip,eng ENG,GK,Portsmouth,28,1995,2,2,180,70,60,77,11,18,21,38,45,45,97,97,93,52,59,65,5,26,35,83,83,66,5
Ben Wilson,eng ENG,GK,Coventry City,31,1992,4,4,360,51,87,93,87,18,21,38,45,41,42,84,71,61,14,25,54,95,35,44,82,8,66
Benjamin Lundt,de GER,GK,St. Louis,29-298,1995,9,9,810,32,80,75,44,78,64,94,45,71,75,51,38,75,85,52,45,37,93,54,43,87,46
Benny Díaz,mx MEX,GK,FC Juárez,25,1998,11,11,990,8,90,72,35,93,93,38,45,89,48,53,59,81,89,73,52,86,35,12,15,42,42
Blake Gillingham,us USA,GK,Houston Dynamo,22-281,2002,4,3,294,52,65,73,92,18,21,38,45,85,13,44,49,90,25,46,41,69,35,96,71,6,41
Boris Radunović,rs SRB,GK,Bari,28,1996,37,37,3311,66,59,77,65,65,71,38,92,37,36,23,22,86,50,67,66,34,74,73,83,70,61
Brad Guzan,us USA,GK,Atlanta Utd,40-313,1984,21,21,1890,18,88,83,24,81,87,38,45,79,54,35,51,73,62,21,16,70,35,33,42,80,20
Brad Stuver,us USA,GK,Austin,34-094,1991,22,22,1980,62,60,75,72,51,48,87,45,42,78,75,75,66,65,65,78,52,82,70,81,55,73
Bradley Collins,eng ENG,GK,Coventry City,27,1997,15,14,1313,31,31,19,41,18,21,38,45,38,69,68,66,24,43,30,20,81,35,10,13,53,22
Brayan Cortés,cl CHI,GK,cl Colo-Colo,30-130,1995,5,5,450,3,95,73,11,18,21,38,45,85,21,40,3,13,48,20,73,22,35,1,9,13,84
Brenno,br BRA,GK,Fortaleza,26-109,1999,1,1,90,70,14,15,11,18,21,38,45,89,21,19,23,81,94,6,5,6,35,97,39,43,5
Brian Araújo,fr FRA,GK,Gil Vicente FC,24,2000,1,1,90,70,14,15,11,18,21,38,45,24,62,19,63,21,4,52,5,91,35,51,39,98,5
Bruno Brigido,br BRA,GK,Estrela,33,1991,18,18,1575,22,69,63,22,55,64,38,45,70,37,60,43,85,67,62,31,49,35,26,31,18,27
Bruno Ferreira,br BRA,GK,Ceará,31-125,1994,6,6,513,79,8,9,70,18,21,38,45,22,79,91,18,9,90,83,48,39,35,69,36,24,35
Bruno Varela,cv CPV,GK,Vitória,29,1994,34,34,3060,62,12,11,74,77,73,38,97,22,29,21,51,36,57,23,41,62,86,29,24,60,53
C.J. dos Santos,us USA,GK,San Diego FC,24-329,2000,21,21,1890,43,53,53,65,81,83,87,45,53,6,3,64,64,10,8,35,81,82,44,45,80,65
Caio Secco,br BRA,GK,Moreirense,33,1990,5,5,447,29,67,63,11,92,93,38,45,65,13,55,35,60,77,91,77,93,35,29,31,5,53
Camilo Vargas,co COL,GK,Atlas,35,1989,31,31,2790,24,71,67,46,60,62,81,45,56,44,54,62,66,76,50,21,62,74,14,33,34,19
Carl Rushworth,eng ENG,GK,Hull City,23,2001,2,2,180,70,4,3,87,18,21,38,45,12,31,32,71,68,1,69,29,59,35,22,6,43,25
Carlos Acevedo,mx MEX,GK,Santos,28,1996,33,33,2970,15,89,84,23,51,52,81,45,76,61,54,48,70,89,73,27,48,74,16,41,65,23
Carlos Coronel,py PAR,GK,NY Red Bulls,28-202,1996,22,22,1980,46,65,72,62,41,48,38,45,63,18,49,53,73,27,33,56,92,35,71,70,9,63
Carlos Felipe Rodríguez,mx MEX,GK,UANL,35,1989,3,3,270,93,22,60,94,18,21,38,45,6,9,12,14,52,47,48,18,18,35,80,94,14,18
Carlos Lampe,bo BOL,GK,bo Bolívar,38-124,1987,1,1,90,97,14,60,97,18,21,38,45,7,3,1,98,98,22,1,5,97,35,95,98,95,5
Carlos Moreno,mx MEX,GK,Pachuca,26,1998,32,32,2880,35,58,54,36,65,67,81,45,41,76,41,18,90,83,35,62,73,74,15,33,93,69
Caíque França,br BRA,GK,Sport Recife,30-046,1995,11,11,990,27,58,54,35,91,88,38,99,61,26,15,11,59,78,38,59,52,90,20,32,66,66
Cesar López,mx MEX,GK,Atlético,24,2000,5,4,436,39,62,64,77,18,21,38,45,33,31,55,79,64,91,34,13,97,35,14,48,16,13
Cezary Miszta,pl POL,GK,Rio Ave,22,2001,26,26,2325,27,72,75,26,58,67,38,45,72,44,57,57,76,83,71,53,53,35,44,58,29,44
Chris Brady,us USA,GK,Chicago Fire,21-138,2004,16,16,1385,11,83,69,22,92,88,89,97,88,7,6,55,74,20,40,43,55,95,46,21,17,48
Cleiton Schwengber,br BRA,GK,RB Bragantino,27-334,1997,12,12,1080,64,44,60,79,18,21,38,45,29,25,13,37,84,59,87,54,30,35,51,76,73,37
Cláudio Ramos,pt POR,GK,Porto,32,1991,2,2,180,35,44,36,11,94,94,38,45,75,9,4,30,21,7,3,73,59,35,75,22,74,96
Colin Coosemans,be BEL,GK,Anderlecht,31,1992,28,28,2520,79,64,80,87,46,21,91,45,58,79,62,98,42,6,48,54,71,89,93,85,77,54
Conor Hazard,nir NIR,GK,Plymouth Argyle,26,1998,25,25,2250,32,72,73,23,39,45,38,45,84,87,96,60,41,90,92,62,34,35,83,54,19,40
Cássio,br BRA,GK,Cruzeiro,38-043,1987,14,14,1260,89,48,72,87,46,21,91,45,21,21,14,0,12,68,80,21,34,89,87,91,63,16
César,br BRA,GK,Boavista,32,1992,16,16,1440,17,73,67,26,73,83,38,45,82,57,58,4,42,71,44,83,33,35,36,29,48,82
Daniel,br BRA,GK,SJ Earthquakes,31-074,1994,19,19,1595,34,85,87,25,43,52,38,45,81,38,38,51,66,35,37,52,88,35,82,65,47,56
Daniel Azevedo,pt POR,GK,Casa Pia,26,1998,1,1,90,13,44,15,11,18,21,38,45,90,3,27,14,2,85,95,73,59,35,68,6,1,48
Daniel Bachmann,at AUT,GK,Watford,30,1994,22,22,1902,46,49,48,48,41,21,87,45,48,47,62,52,73,52,63,25,40,82,46,46,29,22
Daniel Bielica,pl POL,GK,NAC Breda,25,1999,32,32,2880,28,79,77,30,73,83,38,45,74,78,51,60,69,79,76,50,46,35,54,50,88,40
Daniel Figueira,pt POR,GK,Estoril,26,1998,1,1,90,0,96,60,11,98,98,38,45,95,9,5,14,93,22,75,73,6,35,0,3,43,64
Daniel Grimshaw,eng ENG,GK,Plymouth Argyle,26,1998,21,21,1890,8,91,79,22,62,71,38,45,93,52,92,97,67,64,67,16,70,35,40,19,7,14
Daniel Schmidt,jp JPN,GK,Gent,32,1992,1,1,90,97,76,96,97,18,21,38,45,90,9,36,92,81,1,3,73,6,35,100,98,5,96
David Bingham,us USA,GK,Charlotte,35-273,1989,2,2,180,70,87,95,87,18,21,38,45,41,6,19,42,52,59,91,96,26,35,80,90,4,92
David Cornell,wls WAL,GK,Preston,33,1991,10,9,811,21,44,23,25,89,91,38,45,65,86,83,68,75,80,50,65,65,35,15,11,56,66
David Ochoa,us USA,GK,LAFC,24-184,2001,1,1,90,70,1,1,11,18,21,38,45,17,0,0,12,96,22,40,5,6,35,33,0,0,5
David Ospina,co COL,GK,co Nacional,36-322,1988,5,5,450,55,56,67,39,95,96,38,45,54,62,38,91,85,3,34,39,31,35,73,68,88,45
Davor Matijas,hr CRO,GK,Beerschot,24,1999,10,9,852,9,69,24,41,96,96,94,45,91,16,25,78,49,15,43,24,82,93,23,4,17,24
Davy Roef,be BEL,GK,Gent,30,1994,26,26,2340,59,87,94,79,39,45,38,45,80,42,30,56,94,79,79,83,28,35,95,86,70,70
Dayne St. Clair,ca CAN,GK,Minnesota Utd,28-071,1997,19,19,1710,79,31,51,79,55,48,38,95,23,71,85,61,18,39,90,42,21,82,66,84,28,27
Demba Thiam,sn SEN,GK,Juve Stabia,26,1998,38,38,3420,64,39,48,62,71,69,81,92,44,78,88,83,43,24,66,93,40,82,75,64,30,92
Diant Ramaj,de GER,GK,Ajax,22,2001,1,1,90,97,4,15,97,18,21,38,45,2,3,27,98,21,22,1,5,59,35,80,98,1,5
Diego Enriquez,pe PER,GK,pe Sporting Cristal,23-176,2002,6,6,540,6,96,95,11,89,91,38,45,91,25,22,29,21,75,55,45,59,35,7,23,47,44
Diego Matías Rodríguez,ar ARG,GK,Arg Juniors,36-024,1989,17,17,1530,90,10,27,91,18,21,38,45,8,80,52,54,7,30,15,16,13,35,66,92,91,21
Diogo Costa,pt POR,GK,Porto,24,1999,32,32,2880,80,8,9,87,78,75,89,45,18,45,23,86,64,16,12,38,83,86,63,42,85,61
Drake Callender,us USA,GK,Inter Miami,27-285,1997,3,2,185,7,94,87,11,18,21,38,45,93,59,15,61,77,12,4,5,78,35,26,20,98,5
Earl Edwards Jr.,us USA,GK,SJ Earthquakes,33-176,1992,6,4,475,9,56,20,74,73,83,38,45,75,46,45,34,92,28,22,12,67,35,5,4,49,13
Edoardo Motta,it ITA,GK,Reggiana,19,2005,2,2,180,35,27,15,11,18,21,38,45,50,94,87,5,12,96,98,73,6,35,22,14,82,39
Eduardo García,mx MEX,GK,Guadalajara,22,2002,2,2,180,35,60,60,87,18,21,38,45,24,53,36,37,35,91,86,73,26,35,8,39,78,57
Egil Selvik,no NOR,GK,Watford,27,1997,16,16,1440,56,58,69,74,18,21,38,45,68,60,76,79,42,45,60,59,59,35,88,70,30,54
Elhan Kastrati,al ALB,GK,Cittadella,27,1997,29,29,2565,41,51,52,56,71,71,84,45,56,25,34,13,38,73,69,53,31,79,44,51,25,46
Emil Audero,id IDN,GK,Palermo,27,1997,14,14,1260,40,64,66,41,46,55,38,45,69,83,80,74,76,68,92,94,45,35,70,50,52,87
Enrique Bologna,ar ARG,GK,Defensa y Just,43-156,1982,17,17,1530,48,65,70,70,43,52,38,45,56,91,69,42,36,64,80,49,30,35,63,63,94,37
Esteban Andrada,ar ARG,GK,Monterrey,33,1991,24,24,2160,53,48,52,65,68,77,38,45,37,59,48,84,93,43,31,86,66,35,44,58,72,89
Ethan Horvath,us USA,GK,Cardiff City,29,1995,17,17,1530,26,41,34,35,18,21,38,45,47,46,72,43,14,49,17,23,54,35,11,23,16,31
Etienne Vaessen,sr SUR,GK,Groningen,29,1995,32,32,2880,32,56,51,44,73,75,81,45,72,92,95,86,28,42,52,87,72,74,54,30,45,86
Evan Bush,us USA,GK,Columbus Crew,39-135,1986,5,5,450,90,1,2,76,18,21,38,45,6,5,4,65,45,48,5,39,95,35,41,14,18,78
Ezequiel Centurión,ar ARG,GK,Ind. Rivadavia,28-060,1997,17,17,1530,60,52,65,70,81,81,89,45,39,77,82,19,36,85,90,73,24,86,61,71,37,54
Ezequiel Unsain,ar ARG,GK,Necaxa,29,1995,34,34,3060,28,71,68,52,63,73,38,45,68,81,75,48,32,81,70,68,48,35,36,41,60,64
Fabian de Keijzer,nl NED,GK,Heracles Almelo,24,2000,34,34,3060,18,86,82,35,71,81,38,45,78,93,92,76,11,64,63,21,38,35,27,48,62,17
Facundo Cambeses,ar ARG,GK,Racing Club,28-101,1997,5,4,421,35,92,94,41,18,21,38,45,43,38,62,6,15,96,88,13,34,35,17,75,19,12
Facundo Sanguinetti,ar ARG,GK,Banfield,24-140,2001,17,17,1530,60,52,60,57,86,81,95,45,48,74,71,14,17,66,72,32,35,94,76,59,52,26
Federico Lanzillota,ar ARG,GK,bo Bolívar,32-230,1992,3,3,270,8,44,8,65,18,21,38,45,77,1,2,98,97,94,8,73,98,35,5,3,2,94
Felipe Zenobio,ar ARG,GK,Tigre,25-058,2000,17,17,1530,82,19,30,77,71,67,38,97,24,46,38,10,41,53,59,85,19,86,77,73,61,80
Fernando Miguel,br BRA,GK,Ceará,40-167,1985,8,7,657,76,62,79,77,84,88,38,45,40,66,73,37,33,77,96,85,70,35,81,85,40,61
Fernando Muslera,uy URU,GK,Estudiantes–LP,39-033,1986,1,1,90,70,98,99,11,18,21,38,45,97,42,9,2,81,97,65,73,6,35,99,94,98,70
Fernando Tapia,mx MEX,GK,UANL,23,2001,3,3,270,87,89,96,65,18,21,38,45,24,42,42,33,72,97,85,45,85,35,88,94,49,32
Fernando de Paul,cl CHI,GK,cl Colo-Colo,34-085,1991,1,1,90,97,44,89,97,18,21,38,45,2,21,5,23,99,9,9,5,6,35,80,98,95,5
Francesco Bardi,it ITA,GK,Reggiana,32,1992,36,36,3240,44,38,40,44,43,52,38,45,45,38,42,13,27,62,82,45,13,35,31,45,41,33
Francesco Corriere,it ITA,GK,Salernitana,18,2006,1,0,47,16,3,1,11,18,21,38,45,68,100,99,82,5,92,84,5,6,35,11,0,97,5
Francisco Meixedo,pt POR,GK,Estrela,23,2001,1,0,45,97,93,99,99,18,21,38,45,4,94,84,63,98,100,28,5,6,35,90,98,88,5
Franco Armani,ar ARG,GK,ar River Plate,38-276,1986,23,23,2070,84,11,21,84,18,21,38,45,15,21,11,7,70,53,13,22,63,35,69,78,79,34
Franco Israel,uy URU,GK,Sporting CP,24,2000,11,11,990,82,7,5,93,18,21,38,45,9,5,2,16,56,15,9,12,20,35,24,26,71,15
Franco Petroli,ar ARG,GK,Godoy Cruz,27-038,1998,17,17,1530,60,44,52,77,58,52,89,45,37,96,91,72,46,39,73,92,54,86,57,66,79,89
Freddie Woodman,eng ENG,GK,Preston,27,1997,37,37,3329,59,28,25,62,55,57,81,45,27,88,79,85,91,44,60,64,85,74,28,35,72,60
Fábio,br BRA,GK,Fluminense,44-292,1980,12,12,1080,58,29,31,50,18,21,38,45,27,7,4,4,61,45,45,60,23,35,29,45,47,64
Gabriel,br BRA,GK,Vitória,32-295,1992,2,2,180,13,27,6,11,18,21,38,45,17,3,19,39,21,22,18,5,6,35,2,3,2,5
Gabriel Arias,cl CHI,GK,Racing Club,37-309,1987,19,19,1646,85,18,30,84,55,48,87,45,11,45,49,26,25,72,24,27,77,82,63,80,41,36
Gabriel Batista,br BRA,GK,Santa Clara,26,1998,34,34,3060,77,22,28,62,71,67,81,92,15,58,69,28,34,80,44,83,45,86,36,59,36,82
Gabriel Brazão,br BRA,GK,Santos,24-287,2000,13,13,1170,64,68,80,60,63,73,38,45,28,35,36,8,16,79,70,14,38,35,47,82,46,12
Gabriel Castellón,cl CHI,GK,cl U de Chile,31-314,1993,6,6,540,70,37,51,65,68,77,38,45,25,34,21,10,27,39,50,18,59,35,56,72,75,18
Gabriel Delfim,br BRA,GK,Atlético Mineiro,23-009,2002,1,1,90,13,76,60,11,18,21,38,45,17,9,27,58,52,39,28,99,99,35,2,17,6,99
Gastón Olveira,uy URU,GK,py Olimpia,32-089,1993,3,3,270,45,54,60,65,18,21,38,45,20,62,54,25,3,54,24,5,18,35,10,52,66,5
Gatito Fernández,py PAR,GK,py Cerro Porteño,37-112,1988,3,3,270,25,76,71,11,18,21,38,45,81,50,31,14,39,85,40,18,85,35,68,37,81,19
Gavin Bazunu,ie IRL,GK,Standard Liège,22,2002,6,6,540,13,50,21,32,18,21,38,45,87,46,70,72,58,16,38,5,95,35,38,9,18,5
George Evans,eng ENG,GK,Millwall,19,2005,4,4,360,13,69,45,50,18,21,38,45,34,97,94,19,7,71,86,73,80,35,2,15,80,57
George Long,eng ENG,GK,Norwich City,30,1993,9,8,765,10,82,50,26,90,87,95,45,82,11,16,79,91,16,66,26,68,94,9,10,12,24
Giacomo Drago,it ITA,GK,Südtirol,23,2001,5,5,450,13,82,67,11,75,84,38,45,79,16,16,25,95,33,37,73,83,35,18,20,39,78
Giacomo Poluzzi,it ITA,GK,Südtirol,36,1988,18,18,1620,29,41,25,44,78,64,89,97,60,93,82,36,44,79,88,67,65,93,22,16,86,51
Giacomo Satalino,it ITA,GK,Sassuolo,25,1999,10,10,900,70,40,53,76,18,21,38,45,36,55,44,21,38,25,83,73,14,35,73,73,69,59
Gil Alcalá,mx MEX,GK,UNAM,32,1992,4,4,360,91,2,4,95,18,21,38,45,4,57,27,81,97,14,16,14,80,35,44,61,92,17
Gonzalo Valle,ec ECU,GK,ec LDU de Quito,29-141,1996,6,6,526,86,70,92,89,18,21,38,45,48,60,58,65,49,95,93,63,19,35,95,93,57,41
Guido Herrera,ar ARG,GK,ar Talleres,33-140,1992,19,19,1665,56,17,19,54,41,48,38,45,32,67,53,56,24,19,31,55,28,35,36,31,77,62
Guido Villar,ar ARG,GK,ec Independiente,27-154,1998,6,6,540,19,71,60,32,89,77,97,45,64,25,12,12,21,50,55,18,47,96,12,21,79,17
Guillaume Dietsch,fr FRA,GK,Dender,23,2001,1,0,49,18,32,10,11,18,21,38,45,64,0,1,0,39,0,0,5,6,35,12,9,0,5
Guillermo Allison,mx MEX,GK,Querétaro,33,1990,25,25,2250,24,83,77,39,85,84,91,45,73,80,79,15,31,95,79,66,62,90,36,35,49,54
Guillermo Ochoa,mx MEX,GK,AVS Futebol,39,1985,23,23,2070,16,81,68,52,39,45,38,45,78,75,51,25,49,92,78,21,39,35,19,23,86,16
Guillermo Vizcarra,bo BOL,GK,pe Alianza Lima,32-162,1993,6,6,540,19,71,60,11,89,91,38,45,35,82,64,17,89,88,61,60,26,35,4,21,79,55
Guillermo de Amores,uy URU,GK,uy Peñarol,30-273,1994,3,3,270,87,22,42,94,18,21,38,45,7,34,56,37,94,54,12,18,6,35,40,88,19,27
Gustavo,br BRA,GK,Juventude,32-131,1993,7,7,585,10,91,79,29,87,73,96,45,81,18,17,44,78,43,50,56,14,96,12,19,42,54
Harlen Castillo,co COL,GK,co Nacional,31-336,1993,1,1,90,97,4,15,97,18,21,38,45,2,42,54,81,7,0,6,5,6,35,68,98,32,5
Hendrik Van Crombrugge,be BEL,GK,Genk,31,1993,19,19,1710,50,34,34,79,41,21,38,95,43,71,50,89,30,11,44,16,24,82,46,34,86,18
Hernán Galíndez,ec ECU,GK,Huracán,38-111,1987,16,16,1440,84,10,15,87,73,67,89,45,20,52,58,26,14,56,54,59,21,86,77,68,39,57
Hidde Jurjus,nl NED,GK,Groningen,30,1994,2,2,180,35,27,15,11,18,21,38,45,32,89,89,92,7,50,9,5,99,35,10,14,56,5
Horaţiu Moldovan,ro ROU,GK,Sassuolo,26,1998,27,27,2430,70,40,56,77,39,45,38,45,26,33,39,27,44,36,60,79,17,35,57,78,36,75
Hugo González Durán,mx MEX,GK,Mazatlán,33,1990,34,34,3015,45,57,64,54,81,81,38,97,47,75,61,45,72,83,57,59,52,86,40,56,75,56
Hugo Lloris,fr FRA,GK,LAFC,38-205,1986,18,18,1620,70,16,20,81,55,64,38,45,20,60,37,33,35,25,26,25,68,35,40,51,87,30
Hugo Souza,br BRA,GK,Corinthians,26-169,1999,9,9,810,52,29,25,81,78,86,38,45,51,30,11,16,39,54,16,14,15,35,66,33,91,15
Héctor Holguín,mx MEX,GK,Santos,23,2001,1,1,90,70,76,89,11,98,98,38,45,73,9,9,91,81,94,97,5,6,35,95,87,22,5
Ignacio Arce,ar ARG,GK,Deportivo Riestra,33-102,1992,17,17,1530,93,24,65,95,58,67,38,45,15,98,98,45,2,87,98,97,81,35,92,95,71,87
Ignacio De Arruabarrena,uy URU,GK,ec Barcelona,28-184,1997,2,1,144,17,88,82,11,18,21,38,45,51,24,17,3,25,98,26,41,88,35,6,41,54,51
Illan Meslier,fr FRA,GK,Leeds United,24,2000,39,39,3510,86,6,7,90,53,57,81,45,7,8,13,76,67,5,8,59,52,74,36,63,9,86
Ivan Zlobin,ru RUS,GK,Famalicão,27,1997,15,15,1350,55,52,60,65,46,55,38,45,68,26,32,39,55,42,55,79,24,35,88,61,31,76
Ivor Pandur,hr CRO,GK,Hull City,24,2000,44,44,3960,57,37,41,28,62,59,78,91,39,17,30,95,60,47,70,62,77,82,51,54,20,52
Jacob Widell Zetterström,se SWE,GK,Derby County,26,1998,40,40,3600,51,35,35,44,49,42,87,45,45,73,88,45,63,47,49,82,43,82,51,34,21,79
Jacopo Sassi,it ITA,GK,Modena,21,2003,1,1,90,3,76,60,11,18,21,38,45,32,82,61,63,52,75,75,5,91,35,0,17,84,5
Jak Alnwick,eng ENG,GK,Cardiff City,31,1993,29,29,2610,33,55,48,32,62,62,81,45,66,54,68,46,26,46,44,32,78,74,44,29,28,33
James Beadle,eng ENG,GK,Sheffield Weds,20,2004,38,38,3420,33,32,20,48,60,64,81,45,61,56,65,75,28,29,39,41,53,74,29,14,35,44
James Pantemis,ca CAN,GK,Portland Timbers,28-148,1997,12,12,1080,45,84,85,50,92,77,99,45,63,62,40,80,56,65,69,37,71,99,70,65,85,30
James Shea,eng ENG,GK,Luton Town,33,1991,2,1,147,89,16,32,92,18,21,38,45,43,91,98,93,39,88,38,98,95,35,95,88,21,98
James Trafford,eng ENG,GK,Burnley,21,2002,45,45,4050,93,7,11,93,39,21,84,45,8,27,52,84,63,31,24,45,65,79,83,90,13,57
Jamie Cumming,eng ENG,GK,Oxford United,24,1999,45,45,4050,43,58,63,57,51,45,84,45,73,84,89,85,60,63,87,62,67,79,81,51,38,45
Jari De Busser,be BEL,GK,Go Ahead Eag,24,1999,16,16,1440,39,87,92,60,43,52,38,45,51,48,65,96,85,28,94,67,69,35,29,74,24,47
Jasper Schendelaar,nl NED,GK,Zwolle,23,2000,30,30,2700,35,70,71,39,68,62,38,98,75,64,81,83,87,44,71,87,44,89,75,53,23,80
Javier Burrai,ec ECU,GK,ar Talleres,34-283,1990,5,4,405,87,17,23,94,78,21,98,45,10,60,30,47,93,71,77,82,51,98,63,60,93,72
Javier Otero,ve VEN,GK,Orlando City,22-243,2002,2,2,180,70,27,36,11,94,94,38,45,50,14,4,5,81,32,94,96,26,35,86,61,98,90
Jayden Hibbert,jm JAM,GK,Atlanta Utd,20-348,2004,1,1,90,70,76,89,11,18,21,38,45,12,0,9,97,52,22,18,73,91,35,22,87,0,86
Jeffrey Gal,us USA,GK,Chicago Fire,32-104,1993,7,6,591,43,12,8,29,63,73,38,45,21,17,13,34,57,45,20,79,23,35,9,15,58,88
Jeroen Houwen,nl NED,GK,RKC Waalwijk,28,1996,24,24,2160,13,88,80,32,49,57,38,45,86,91,85,75,50,74,74,49,50,35,31,31,78,40
Jeroen Zoet,nl NED,GK,AZ Alkmaar,33,1991,6,6,540,91,4,8,87,18,21,38,45,3,84,89,73,7,66,17,45,37,35,18,92,36,63
Jesús Camargo,ve VEN,GK,ve Dep Táchira,27-219,1997,6,6,540,19,93,93,11,18,21,38,45,84,34,35,33,81,88,89,45,95,35,56,57,46,30
Jesús Rodríguez,mx MEX,GK,Puebla,31,1993,4,4,360,13,76,60,50,18,21,38,45,89,67,31,76,68,91,28,73,59,35,51,17,96,81
Jhonatan,br BRA,GK,Rio Ave,33,1991,8,8,720,28,85,82,50,18,21,38,45,69,37,52,68,81,93,72,22,33,35,36,55,26,18
Jimmy Maurer,us USA,GK,Houston Dynamo,36-278,1988,2,1,120,84,35,60,11,18,21,38,45,7,53,67,58,21,14,28,54,43,35,26,87,29,64
Jo Coppens,be BEL,GK,Sint-Truiden,33,1990,3,3,270,0,93,25,11,89,91,38,45,99,42,71,81,21,6,80,18,6,35,4,1,12,15
Joe Walsh,eng ENG,GK,QPR,22,2002,1,1,90,97,44,89,97,18,21,38,45,77,89,96,92,7,22,99,73,6,35,99,98,24,26
Joe Wildsmith,eng ENG,GK,West Brom,28,1995,10,10,900,78,10,12,39,18,21,38,45,17,70,80,75,68,50,25,48,39,35,51,47,32,60
Joe Willis,us USA,GK,Nashville SC,36-343,1988,23,23,2070,62,37,45,70,60,59,84,45,38,27,18,65,88,24,32,81,27,79,64,63,59,84
Joel Drommel,nl NED,GK,PSV Eindhoven,27,1996,1,0,45,97,0,1,11,18,21,38,45,0,97,94,97,7,94,28,5,6,35,51,0,90,5
Joel Robles,es ESP,GK,Estoril,34,1990,29,29,2610,30,63,55,32,77,77,81,45,78,73,82,34,46,69,51,38,79,74,73,29,33,36
Joey Kesting,nl NED,GK,RKC Waalwijk,23,2001,3,3,270,25,54,42,11,98,98,38,45,77,95,82,67,10,34,82,5,37,35,57,20,91,5
John,br BRA,GK,Botafogo (RJ),29-156,1996,19,19,1710,89,19,39,90,41,48,38,45,14,49,31,68,34,31,58,53,47,35,80,85,81,50
John McCarthy,us USA,GK,LA Galaxy,33-015,1992,11,11,990,8,79,50,11,91,88,92,45,84,13,38,31,59,19,31,52,46,90,6,11,8,60
John Pulskamp,us USA,GK,Sporting KC,24-091,2001,22,22,1980,18,84,79,28,87,88,38,95,81,51,78,29,37,81,43,43,44,82,36,41,14,47
Jonas Wendlinger,at AUT,GK,Almere City,24,2000,1,0,10,97,0,1,11,18,21,38,45,0,97,100,91,0,85,9,100,6,35,51,0,6,99
Jonathan Bond,eng ENG,GK,Houston Dynamo,32-061,1993,24,23,2148,24,59,46,50,49,45,84,45,71,32,24,50,58,26,32,24,81,79,33,21,62,26
Jonathan Klinsmann,us USA,GK,Cesena,27,1997,27,27,2430,61,26,28,52,55,45,91,45,34,6,25,20,84,52,37,57,39,89,54,47,4,62
Jonathan Sirois,ca CAN,GK,CF Montréal,24-022,2001,20,20,1800,23,80,73,39,18,21,38,45,68,36,29,89,61,9,11,48,64,35,24,39,59,76
Jordan Archer,sct SCO,GK,Portsmouth,31,1993,2,1,150,55,95,97,11,18,21,38,45,79,47,71,73,21,11,93,5,87,35,94,90,17,5
Jorge Broun,ar ARG,GK,Rosario Central,39-054,1986,15,15,1350,90,19,42,83,18,21,38,45,9,75,43,11,66,93,83,26,13,35,60,92,92,21
Jorge Carranza,ar ARG,GK,Aldosivi,44-073,1981,13,13,1170,33,53,46,46,80,86,38,45,30,66,45,16,63,47,77,56,33,35,9,28,85,45
Jorge Hernández,mx MEX,GK,Querétaro,25,1998,9,9,810,39,63,64,44,78,64,38,99,60,30,60,4,10,90,96,25,6,93,47,48,10,16
Josh Vickers,eng ENG,GK,Derby County,28,1995,6,6,540,70,11,10,87,18,21,38,45,34,85,93,20,14,88,68,90,26,35,70,30,28,88
Joshua Griffiths,eng ENG,GK,West Brom,22,2001,6,6,540,19,54,36,32,18,21,38,45,64,37,48,66,77,11,84,18,59,35,12,14,33,15
Josue Reinatti,ar ARG,GK,Newell's OB,22-047,2003,2,2,180,13,96,96,11,94,94,38,45,94,31,5,60,99,4,79,90,26,35,86,61,99,86
José Antonio Rodríguez,mx MEX,GK,Tijuana,32,1992,21,21,1880,22,85,84,28,62,71,38,45,74,77,63,96,58,37,43,56,64,35,33,56,72,59
José Contreras Verna,ve VEN,GK,ec Barcelona,30-272,1994,5,5,396,78,70,81,82,80,21,98,45,54,33,64,9,32,94,54,92,6,98,91,81,12,93
José Corona,mx MEX,GK,Tijuana,43,1981,11,10,910,21,83,72,24,87,84,93,45,88,16,8,85,58,12,16,12,45,91,80,28,68,14
José Eulogio,mx MEX,GK,Pachuca,20,2004,2,2,180,13,44,15,11,18,21,38,45,45,42,13,1,35,75,4,5,6,35,3,6,95,5
José Rangel Aguilar,mx MEX,GK,Guadalajara,24,2000,32,32,2879,70,35,44,68,51,43,89,45,24,55,45,67,72,54,27,73,67,86,54,66,64,82
José Santiago Hernández,mx MEX,GK,Atlas,27,1997,3,3,270,70,4,3,65,89,91,38,45,14,28,19,30,21,16,6,18,37,35,25,6,61,35
João Gonçalves,pt POR,GK,Boavista,23,2000,4,4,360,91,4,6,87,18,21,38,45,13,93,94,13,1,85,62,14,16,35,87,76,52,13
João Paulo Santos Costa,pt POR,GK,Estrela,28,1996,14,14,1260,53,38,39,57,86,85,91,45,56,87,80,31,13,83,39,11,59,89,73,36,67,11
João Ricardo Riedi,br BRA,GK,Fortaleza,36-316,1988,18,18,1620,48,80,85,81,55,52,89,45,69,53,42,17,70,57,32,67,63,86,84,75,67,77
João Valido,pt POR,GK,Arouca,24,2000,5,5,450,55,44,49,39,75,84,38,45,32,29,7,23,66,94,52,95,83,35,33,56,97,95
Juan Cozzani,ar ARG,GK,Platense,26-283,1998,17,17,1530,82,33,60,70,58,67,38,45,34,64,91,15,3,56,67,38,66,35,86,89,11,32
Juan Espínola,py PAR,GK,Belgrano,30-259,1994,11,11,990,27,33,20,54,51,59,38,45,30,81,87,54,37,49,79,85,42,35,6,12,37,73
Juan González,uy URU,GK,Atlé Tucumán,32-009,1993,6,6,540,81,32,60,65,68,77,38,45,14,86,70,35,16,59,58,90,59,35,51,89,82,90
Juan Zozaya,ar ARG,GK,Cen. Córdoba–SdE,24-038,2001,2,2,180,35,44,36,11,18,21,38,45,87,21,9,2,21,39,58,5,6,35,92,22,84,5
Julien Devriendt,be BEL,GK,Dender,25,1998,4,3,315,6,96,95,11,86,90,38,45,90,36,44,30,95,16,52,35,91,35,7,32,32,34
Julio José González,mx MEX,GK,UNAM,33,1991,19,19,1710,70,39,56,73,65,75,38,45,16,55,55,33,70,92,27,26,87,35,31,79,50,33
Justin Bijlow,nl NED,GK,Feyenoord,26,1998,4,4,360,13,44,15,11,18,21,38,45,66,21,11,99,52,26,2,29,80,35,8,6,74,77
Kaique,br BRA,GK,Farense,21,2003,6,6,540,70,27,25,32,68,21,97,45,39,65,80,65,89,84,93,60,14,96,77,36,27,38
Karl Darlow,wls WAL,GK,Leeds United,33,1990,7,7,630,92,2,4,91,18,21,38,45,4,32,34,64,47,17,11,73,49,35,40,90,43,91
Kevin Chamorro,cr CRC,GK,Estoril,24,2000,4,4,360,84,14,24,87,82,87,38,45,18,21,63,19,15,32,23,73,98,35,77,76,7,83
Kevin Mier,co COL,GK,Cruz Azul,24,2000,33,33,2970,82,9,11,79,58,59,81,45,11,30,17,93,18,52,21,24,73,74,44,53,75,30
Kewin,br BRA,GK,Moreirense,28,1995,29,29,2610,38,40,35,41,53,62,38,45,56,68,68,59,64,73,78,86,35,35,36,24,51,77
Keylor Navas,cr CRC,GK,Newell's OB,38-216,1986,14,14,1260,83,64,86,80,46,21,38,98,40,92,72,10,33,89,94,49,15,89,90,93,92,29
Kim Joonhong,kr KOR,GK,D.C. United,22-046,2003,7,7,630,7,88,66,28,86,90,38,45,93,90,78,47,41,61,15,49,87,35,22,12,85,68
Koen Van Langendonck,be BEL,GK,Westerlo,35,1989,10,10,900,29,48,29,39,87,84,93,45,74,68,42,62,45,75,58,48,86,91,59,15,89,47
Kostas Lamprou,gr GRE,GK,NAC Breda,32,1991,1,1,90,3,76,15,11,18,21,38,45,94,94,91,99,52,4,75,5,59,35,4,1,74,5
Kristijan Kahlina,hr CRO,GK,Charlotte,32-360,1992,21,21,1890,25,82,78,48,86,90,38,45,72,17,11,53,90,23,47,35,40,35,36,47,67,36
Lars Unnerstall,de GER,GK,Twente,34,1990,31,31,2790,50,19,15,70,43,52,38,45,37,31,34,67,74,33,40,53,67,35,33,19,40,56
Laurent Henkinet,be BEL,GK,Standard Liège,31,1992,4,4,315,94,33,74,91,18,21,38,45,10,72,91,28,33,70,99,98,29,35,91,95,15,88
Lautaro Morales,ar ARG,GK,Lanús,25-215,1999,1,1,90,70,4,3,11,18,21,38,45,24,21,5,5,7,39,3,5,6,35,51,6,95,5
Lawrence Vigouroux,cl CHI,GK,Swansea City,30,1993,46,46,4140,52,30,33,59,51,59,38,45,39,87,92,94,56,20,41,64,47,35,46,47,38,70
Lazar Carević,me MNE,GK,Famalicão,25,1999,18,18,1620,58,47,53,75,78,77,89,45,52,39,29,40,49,29,49,18,59,86,75,59,68,18
Leandro Brey,ar ARG,GK,Boca Juniors,22-301,2002,2,2,180,91,4,6,87,18,21,38,45,5,21,27,30,81,75,95,5,59,35,51,76,29,5
Leandro Chichizola,ar ARG,GK,Spezia,34,1990,11,11,990,78,20,32,54,18,21,38,45,11,89,87,74,52,15,18,87,95,35,27,75,65,93
Leo Kokubo,jp JPN,GK,Sint-Truiden,23,2001,27,27,2430,25,59,52,29,91,91,84,45,76,46,43,62,45,48,89,57,75,79,51,25,53,38
Leonardo Loria,it ITA,GK,Pisa,25,1999,1,1,90,3,76,15,11,98,98,38,45,83,21,19,12,21,1,52,5,99,35,1,1,43,5
Liam Roberts,eng ENG,GK,Millwall,29,1994,2,1,91,97,12,56,99,18,21,38,45,3,39,99,28,5,98,100,98,89,35,86,98,3,81
Lorenzo Andrenacci,it ITA,GK,Brescia,29,1995,1,1,90,97,4,15,97,18,21,38,45,2,62,27,18,52,39,6,99,6,35,68,98,95,99
Luca Lezzerini,it ITA,GK,Brescia,29,1995,37,37,3330,47,61,68,54,81,71,81,99,48,66,49,40,47,37,77,80,35,93,47,61,81,69
Luca Maniero,it ITA,GK,Cittadella,29,1995,10,9,855,38,86,92,79,87,90,38,45,69,64,62,19,72,70,56,62,54,35,63,77,53,60
Luca Plogmann,de GER,GK,Go Ahead Eag,24,2000,18,18,1620,21,60,44,44,68,77,38,45,60,23,37,90,49,20,85,45,41,35,13,18,20,32
Lucas Acosta,ar ARG,GK,Sarmiento,30-129,1995,17,17,1530,52,81,89,48,58,52,38,97,72,71,69,25,9,69,88,59,59,86,88,84,54,43
Lucas Arcanjo,br BRA,GK,Vitória,26-345,1998,13,13,1170,70,79,91,46,18,21,38,45,47,37,44,36,71,80,89,80,23,35,84,89,35,61
Lucas Bruera,ar ARG,GK,ve Carabobo,27-273,1997,6,6,540,10,95,93,11,94,94,38,45,85,8,19,0,21,94,74,29,37,35,15,37,6,24
Lucas França,br BRA,GK,Nacional,28,1996,33,33,2925,40,65,66,50,85,86,38,97,66,65,66,20,30,90,70,78,42,86,66,52,50,67
Lucas Pirard,be BEL,GK,Kortrijk,29,1995,7,5,543,26,67,57,32,68,77,38,45,96,81,65,36,85,42,60,43,89,35,97,28,78,41
Lucas Verza,py PAR,GK,py Olimpia,24-096,2001,1,1,90,97,14,15,97,98,21,100,45,50,42,54,23,96,85,18,73,6,100,98,39,32,86
Lucão,br BRA,GK,RB Bragantino,24-143,2001,2,2,180,91,76,95,87,18,21,38,45,83,3,7,37,89,82,97,29,6,35,98,94,3,17
Luigi Sepe,it ITA,GK,Salernitana,33,1991,18,18,1575,50,39,41,46,68,77,38,45,51,29,41,52,47,55,20,47,27,35,61,45,23,63
Luis Barraza,us USA,GK,D.C. United,28-253,1996,16,16,1440,28,76,75,36,43,52,38,45,70,57,79,55,75,63,30,64,66,35,41,50,19,74
Luis Cárdenas,mx MEX,GK,Monterrey,30,1993,10,10,900,47,48,49,24,53,62,38,45,41,37,11,54,95,63,31,29,80,35,33,48,96,34
Luis Ingolotti,ar ARG,GK,Gimnasia–LP,25-186,2000,3,3,270,8,67,25,11,96,96,38,45,95,34,31,12,52,59,89,18,6,35,57,5,53,14
Luis Manuel García,mx MEX,GK,Toluca,31,1992,5,5,450,55,14,9,39,18,21,38,45,18,29,33,57,32,29,37,39,22,35,17,17,38,43
Luis Mejía,pa PAN,GK,uy Nacional,34-125,1991,6,6,540,25,81,77,32,68,77,38,45,81,12,19,2,7,36,55,73,26,35,70,46,13,73
Luis Ángel Malagón,mx MEX,GK,América,27,1997,29,29,2565,76,24,33,70,46,55,38,45,14,42,29,46,16,72,17,24,46,35,29,67,72,32
Luiz Lúcio Reis Júnior,br BRA,GK,Famalicão,23,2001,1,1,90,97,4,15,97,18,21,38,45,3,98,96,81,96,39,82,99,91,35,86,98,90,97
Lukas Jensen,dk DEN,GK,Millwall,25,1999,41,41,3689,70,19,24,62,46,42,78,91,26,56,88,26,10,49,45,41,53,82,57,59,10,42
Lukáš Horníček,cz CZE,GK,Braga,22,2002,17,17,1530,88,24,46,83,43,52,38,45,12,33,47,80,87,30,26,67,91,35,73,89,26,79
Luuk Koopmans,nl NED,GK,Fortuna Sittard,30,1993,6,6,540,6,91,66,11,89,77,97,45,92,94,95,27,7,85,84,45,6,96,15,10,47,32
Léo Jardim,br BRA,GK,Vasco da Gama,30-121,1995,13,13,1170,43,28,28,29,18,21,38,45,37,11,12,32,52,69,81,83,33,35,19,42,20,72
Maarten Paes,id IDN,GK,FC Dallas,27-066,1998,20,20,1800,16,73,56,24,90,92,38,45,86,69,46,47,50,50,85,58,71,35,44,18,86,42
Mads Kikkenborg,dk DEN,GK,Anderlecht,24,1999,2,2,180,70,76,89,11,18,21,38,45,90,53,67,89,81,4,91,29,80,35,98,87,29,21
Manuel Roffo,ar ARG,GK,Instituto,25-106,2000,17,17,1530,57,37,41,70,58,67,38,45,33,64,53,16,18,59,46,73,40,35,41,53,70,76
Manuel Vicentini,ar ARG,GK,Belgrano,35-091,1990,5,5,450,70,30,29,76,75,21,98,45,80,58,87,33,38,78,97,39,97,98,96,39,13,22
Marcelo Lomba,br BRA,GK,br Palmeiras,38-213,1986,1,1,90,97,1,3,97,18,21,38,45,0,3,0,42,98,22,6,96,6,35,51,98,99,99
Marco Bleve,it ITA,GK,Carrarese,28,1995,24,24,2092,64,66,77,89,83,86,84,45,60,82,64,86,32,36,57,84,54,79,89,79,80,80
Marco Festa,it ITA,GK,Mantova,32,1992,38,38,3420,38,63,64,41,41,48,38,45,65,18,14,93,17,19,68,33,54,35,54,49,57,28
Marco Pissardo,it ITA,GK,Bari,26,1998,2,1,109,7,98,98,95,18,21,38,45,93,98,98,17,57,99,93,93,6,35,18,56,71,83
Marco Silvestri,it ITA,GK,Sampdoria,33,1991,7,7,630,22,68,60,28,62,71,38,45,44,21,29,49,37,35,36,63,6,35,8,25,26,71
Marcos Felipe,br BRA,GK,Bahia,29-097,1996,14,13,1242,66,40,53,72,62,71,38,45,30,40,24,73,81,74,72,37,88,35,64,72,78,29
Marcos Ignacio Ledesma,ar ARG,GK,Barracas Central,28-307,1996,17,17,1530,65,39,55,70,18,21,38,45,21,83,76,7,34,50,91,92,22,35,29,79,61,83
Marcão,br BRA,GK,Juventude,33-135,1992,6,5,495,20,97,99,35,71,81,38,45,90,12,30,40,86,12,56,52,42,35,84,84,7,50
Marino Arzamendia,py PAR,GK,py Olimpia,27-181,1998,2,2,180,1,93,36,11,98,98,38,45,97,86,54,23,35,59,12,29,91,35,2,2,95,51
Marius Adamonis,lt LTU,GK,Südtirol,27,1997,15,15,1350,55,52,60,54,18,21,38,45,51,94,90,6,21,77,83,39,28,35,69,61,76,28
Mark Spenkelink,nl NED,GK,RKC Waalwijk,27,1997,4,4,360,3,93,60,11,94,94,38,45,97,73,77,94,12,7,62,14,16,35,8,6,43,13
Mark Travers,ie IRL,GK,Middlesbrough,25,1999,17,17,1530,57,72,83,48,18,21,38,45,56,12,50,45,59,56,42,64,76,35,77,82,4,70
Marko Gudžulić,rs SRB,GK,Estrela,22,2002,2,2,180,35,60,60,87,94,21,99,45,45,92,96,58,35,91,91,96,26,99,18,39,34,92
Marko Ilić,rs SRB,GK,Kortrijk,26,1998,5,5,425,16,90,91,11,18,21,38,45,91,81,57,12,84,32,42,62,48,35,81,57,87,67
Martin Delavallée,be BEL,GK,Charleroi,20,2004,8,8,720,28,91,93,26,18,21,38,45,83,84,64,68,97,35,28,41,76,35,77,67,84,50
Martín Campaña,uy URU,GK,uy Peñarol,36-051,1989,3,3,270,87,54,81,94,18,21,38,45,9,77,77,1,2,69,90,88,6,35,51,93,47,74
Martín Silva,uy URU,GK,py Libertad,42-116,1983,1,1,90,13,44,15,11,18,21,38,45,90,21,9,12,7,97,14,5,91,35,68,6,84,5
Matheus,br BRA,GK,Ajax,32,1992,26,26,2340,64,23,27,79,49,57,38,45,22,24,33,80,77,41,19,73,75,35,29,54,23,85
Matheus Donelli,br BRA,GK,Corinthians,23-063,2002,5,5,450,55,36,40,39,75,84,38,45,36,15,8,15,45,59,14,39,22,35,41,49,71,55
Matheus Teixeira,br BRA,GK,Rio Ave,25,1999,1,0,15,97,0,1,11,18,21,38,45,0,0,84,98,0,97,2,5,6,35,51,0,0,5
Matt Freese,us USA,GK,NYCFC,26-320,1998,19,19,1710,53,53,68,62,41,48,38,45,48,8,7,50,94,17,31,57,72,35,64,78,18,67
Matt Ingram,eng ENG,GK,Oxford United,30,1993,1,1,90,3,76,15,11,18,21,38,45,97,21,67,77,96,85,93,5,6,35,15,1,6,5
Matteo Pisseri,it ITA,GK,Cesena,32,1991,11,11,990,33,44,38,72,51,21,92,45,54,16,22,25,92,64,62,52,72,90,23,26,24,47
Matthieu Epolo,be BEL,GK,Standard Liège,20,2004,19,18,1665,60,78,87,80,41,21,87,45,60,83,86,27,26,70,66,68,53,82,85,82,44,67
Mattijs Branderhorst,nl NED,GK,Fortuna Sittard,30,1993,28,28,2520,42,68,70,72,46,55,38,45,62,69,83,27,70,70,71,95,49,35,59,57,28,94
Matías Borgogno,ar ARG,GK,San Martín de San Juan,26-332,1998,17,17,1530,57,35,40,35,43,52,38,45,39,92,90,35,4,80,51,86,43,35,51,50,69,84
Matías Mansilla,ar ARG,GK,ar Estudiantes–LP,29-154,1996,23,23,2070,62,22,23,75,60,59,84,45,25,54,45,11,58,77,65,60,55,79,40,35,64,54
Matías Tagliamonte,ar ARG,GK,Unión,27-150,1998,4,4,360,91,10,15,87,82,21,99,45,6,57,64,8,61,59,82,73,6,99,60,68,40,59
Max O'Leary,ie IRL,GK,Bristol City,27,1996,46,46,4140,55,34,38,44,39,45,38,45,40,65,78,55,74,18,29,58,86,35,48,47,31,68
Maxence Prevot,fr FRA,GK,OH Leuven,27,1997,1,1,90,70,76,89,11,18,21,38,45,95,99,97,91,81,75,99,96,59,35,99,87,97,72
Maxime Crépeau,ca CAN,GK,Portland Timbers,31-069,1994,10,10,900,35,83,84,39,18,21,38,45,62,57,47,70,73,36,19,29,52,35,41,64,65,40
Maxime Delanghe,be BEL,GK,Cercle Brugge,23,2001,21,21,1881,48,50,50,65,62,62,87,45,58,63,90,20,4,43,33,16,84,82,68,46,12,16
Michael Brouwer,nl NED,GK,Utrecht,31,1993,3,3,270,93,22,60,94,89,91,38,45,32,77,88,60,39,75,96,5,75,35,97,94,25,5
Michael Collodi,us USA,GK,FC Dallas,24-055,2001,2,2,180,70,14,15,87,18,21,38,45,45,14,19,71,89,9,46,29,97,35,83,39,20,30
Michael Cooper,eng ENG,GK,Sheffield Utd,24,1999,43,43,3870,83,21,38,84,58,59,78,45,17,79,70,84,60,25,57,89,49,71,71,81,64,87
Michael Verrips,nl NED,GK,Dender,27,1996,27,27,2336,31,74,76,54,84,88,38,45,79,77,72,24,12,55,81,52,14,35,75,55,54,39
Michele Cerofolini,it ITA,GK,Frosinone,25,1999,36,36,3240,56,47,47,44,68,64,89,45,47,49,68,66,39,51,76,54,29,86,64,51,21,43
Mickey van der Hart,nl NED,GK,Heerenveen,30,1994,19,18,1695,22,87,85,30,65,75,38,45,88,51,57,97,57,5,22,37,83,35,81,52,38,49
Miguel Jiménez Ponce,mx MEX,GK,Puebla,34,1990,24,24,2160,25,72,65,32,82,67,95,45,68,66,86,8,13,96,95,49,21,94,26,27,21,28
Miguel Ortega,mx MEX,GK,Tijuana,29,1995,3,3,270,13,54,25,11,89,91,38,45,87,56,31,90,30,9,15,45,75,35,40,10,89,65
Mika,pt POR,GK,Moreirense,33,1991,1,0,3,97,0,1,100,18,21,38,45,0,0,0,99,0,0,0,5,6,35,51,0,0,0
Mike Hauptmeijer,nl NED,GK,Zwolle,27,1997,4,4,360,35,44,36,11,82,21,38,100,50,82,78,63,85,79,95,94,16,99,22,22,56,84
Mike Penders,be BEL,GK,Genk,19,2005,11,11,989,85,12,22,72,51,59,38,45,20,72,43,87,31,13,19,85,17,35,80,74,91,91
Mirko Pigliacelli,it ITA,GK,Catanzaro,31,1993,38,38,3420,57,41,50,68,60,64,38,92,44,67,47,96,16,7,73,68,62,74,59,60,83,62
Mohamed Koné,ci CIV,GK,Charleroi,22,2002,21,21,1890,70,28,37,57,73,71,87,45,35,76,59,77,55,8,24,88,82,82,71,63,78,93
Mouhamadou Sarr,sn SEN,GK,Spezia,27,1997,4,4,360,70,35,45,50,18,21,38,45,18,79,74,18,12,45,25,90,80,35,40,70,56,95
Nahuel Guzmán,ar ARG,GK,UANL,38,1986,28,28,2519,77,33,48,62,71,71,38,94,29,73,38,74,31,52,21,35,78,79,75,76,94,49
Nahuel Losada,ar ARG,GK,Lanús,32-093,1993,16,16,1440,86,25,43,81,73,52,89,97,20,48,40,48,91,14,61,91,69,94,82,84,62,91
Nelson Insfrán,ar ARG,GK,Gimnasia–LP,30-056,1995,14,14,1260,80,36,48,80,77,55,96,45,42,79,73,31,21,58,81,79,15,95,89,72,58,66
Niccolò Chiorra,it ITA,GK,Carrarese,23,2001,2,1,158,5,63,8,11,18,21,38,45,92,5,7,40,16,46,10,5,29,35,5,1,5,5
Nicholas Hagen,gt GUA,GK,Columbus Crew,28-351,1996,3,3,270,1,97,93,11,18,21,38,45,99,0,0,9,64,28,5,45,75,35,19,13,0,83
Nicholas Hansen,dk DEN,GK,Colorado Rapids,24-009,2001,10,10,900,41,66,70,59,87,84,93,45,60,58,85,47,35,62,36,92,94,91,56,64,15,95
Nick Gillekens,be BEL,GK,Westerlo,29,1995,1,1,90,3,100,99,11,18,21,38,45,100,94,87,87,96,85,97,5,59,35,98,68,82,5
Nick Olij,nl NED,GK,Sparta R'dam,28,1995,34,34,3060,50,57,66,35,63,67,81,45,52,90,72,95,60,14,81,89,40,74,60,67,88,80
Nick Shinton,be BEL,GK,Beerschot,23,2001,21,21,1845,20,90,91,29,75,84,38,45,88,45,71,82,45,24,87,33,74,35,76,55,14,23
Nico Mantl,de GER,GK,Arouca,24,2000,29,29,2610,37,49,44,48,85,89,38,45,59,39,25,51,65,58,68,55,78,35,38,34,77,47
Nicola Ravaglia,it ITA,GK,Carrarese,35,1988,2,1,158,22,63,52,11,95,95,38,45,92,88,90,21,4,82,41,35,29,35,94,22,49,39
Nicolas Schmid,at AUT,GK,Portsmouth,27,1997,35,35,3090,41,51,54,46,37,43,38,45,57,95,98,76,4,37,43,21,97,35,46,54,29,20
Nordin Bakker,nl NED,GK,Almere City,26,1997,34,34,3050,17,83,77,41,18,21,38,45,74,92,97,71,44,65,76,87,89,35,17,35,31,80
Nordin Jackers,be BEL,GK,Club Brugge,26,1997,1,0,31,4,99,98,11,18,21,38,45,94,96,41,100,99,0,1,99,6,35,6,40,99,99
Novak Mićović,rs SRB,GK,LA Galaxy,23-267,2001,12,12,1080,31,44,31,32,18,21,38,45,71,13,43,53,42,41,30,80,18,35,47,18,7,84
Nícolas Andrade,br BRA,GK,Pisa,36,1988,1,1,90,70,44,60,11,18,21,38,45,12,62,74,30,0,9,3,5,91,35,22,76,34,5
Oliver Christensen,dk DEN,GK,Salernitana,25,1999,16,16,1440,77,18,24,74,18,21,38,45,26,76,75,48,52,55,72,86,69,35,66,57,50,79
Oliver Dovin,se SWE,GK,Coventry City,22,2002,28,28,2467,62,25,35,57,39,45,38,45,35,35,40,69,17,31,39,23,75,35,59,62,36,23
Orlando Gil,py PAR,GK,San Lorenzo,25-038,2000,17,17,1530,88,16,34,90,18,21,38,45,10,67,74,9,11,82,57,32,12,35,61,89,39,29
Ortwin De Wolf,be BEL,GK,Mechelen,27,1997,30,30,2700,45,69,78,59,68,77,38,45,67,50,49,78,81,66,72,79,44,35,77,73,50,71
Oscar Jiménez,mx MEX,GK,León,35,1988,8,8,720,43,81,82,26,18,21,38,45,52,70,50,44,71,83,26,73,33,35,44,70,83,82
Pablo Lara,mx MEX,GK,UNAM,19,2005,7,7,630,48,64,74,57,18,21,38,45,28,62,60,45,33,78,14,49,96,35,20,77,57,73
Pablo Sisniega,mx MEX,GK,San Diego FC,30-012,1995,2,2,180,70,14,15,11,94,94,38,45,59,1,2,95,97,1,4,73,59,35,90,39,4,95
Paolo Vismara,it ITA,GK,Sampdoria,21,2003,10,7,753,21,90,85,84,58,21,95,45,75,24,60,42,55,61,68,85,20,94,27,36,8,78
Patrick Schulte,us USA,GK,Columbus Crew,24-128,2001,15,15,1350,49,30,29,27,46,55,38,45,42,12,14,84,73,34,8,12,85,35,44,39,27,17
Patrick Sequeira,cr CRC,GK,Casa Pia,25,1999,32,32,2880,48,73,81,44,78,83,38,92,53,35,59,67,81,37,62,84,43,74,60,73,16,78
Patrik Gunnarsson,is ISL,GK,Kortrijk,23,2000,11,11,922,32,28,19,24,18,21,38,45,63,85,79,40,88,67,86,79,38,35,31,15,60,62
Pau López,es ESP,GK,Toluca,29,1994,10,10,900,47,32,36,76,18,21,38,45,16,18,17,89,48,71,14,23,73,35,10,44,41,31
Paul Nardi,fr FRA,GK,QPR,30,1994,45,45,4050,41,38,38,39,46,55,38,45,52,52,63,75,56,33,61,14,50,35,38,32,34,12
Pedro Gallese,pe PER,GK,Orlando City,35-146,1990,21,21,1890,43,48,46,74,53,62,38,45,59,50,34,16,10,39,54,35,70,35,54,43,76,34
Pierce Charles,nir NIR,GK,Sheffield Weds,19,2005,8,8,720,51,35,28,11,58,21,95,45,73,84,59,92,71,19,45,89,33,94,88,25,90,90
Plamen Andreev,bg BUL,GK,Feyenoord,19,2004,1,1,90,13,44,15,11,98,98,38,45,59,62,36,91,21,1,2,73,100,35,5,6,90,97
Przemysław Tytoń,pl POL,GK,Twente,37,1987,3,3,270,1,94,60,11,18,21,38,45,97,69,39,85,81,39,22,18,91,35,3,4,91,22
Rafael Cabral,br BRA,GK,Real Salt Lake,35-060,1990,22,22,1980,49,51,50,54,80,71,92,45,62,35,26,88,26,66,22,12,83,90,76,43,61,12
Rafael Pires,br BRA,GK,São Paulo,36-026,1989,20,20,1800,61,38,49,59,75,73,38,95,39,15,25,7,9,59,70,14,48,82,63,68,16,13
Randall Rodríguez,uy URU,GK,Vélez Sarsfield,21-232,2003,1,1,90,0,98,89,11,98,98,38,45,99,42,74,37,81,59,14,73,6,35,2,6,11,89
Remko Pasveer,nl NED,GK,Ajax,40,1983,24,24,2160,76,33,48,82,18,21,38,45,36,84,58,95,69,13,23,78,66,35,77,78,89,85
Ricardo Batista,pt POR,GK,Casa Pia,37,1986,1,1,90,70,4,3,11,98,98,38,45,12,3,1,77,21,4,14,5,91,35,22,6,95,5
Ricardo Gutiérrez,mx MEX,GK,Mazatlán,27,1997,1,0,45,97,99,100,11,18,21,38,45,59,42,27,42,7,39,6,5,6,35,99,98,74,5
Ricardo Velho,pt POR,GK,Farense,25,1998,28,28,2520,40,60,66,41,82,85,38,94,61,74,77,34,47,87,76,82,49,79,51,55,45,72
Riccardo Gagno,it ITA,GK,Modena,27,1997,37,37,3330,49,30,27,36,55,57,81,45,36,72,75,44,30,68,87,93,17,74,28,30,46,88
Robin Roefs,nl NED,GK,NEC Nijmegen,21,2003,32,32,2880,46,68,78,60,37,43,38,45,65,68,81,86,62,47,59,93,76,35,77,73,30,92
Rocco Ríos Novo,ar ARG,GK,Inter Miami,23-045,2002,4,1,250,39,11,5,72,18,21,38,45,50,56,17,70,29,29,82,5,41,35,27,6,97,5
Rodolfo Cota,mx MEX,GK,América,37,1987,6,5,495,85,17,27,91,18,21,38,45,9,14,8,78,29,31,3,21,63,35,36,81,65,52
Rodrigo Morínigo,py PAR,GK,py Libertad,26-285,1998,5,5,450,90,30,60,92,18,21,38,45,11,95,89,21,7,85,85,12,31,35,77,92,82,11
Rodrigo Rey,ar ARG,GK,Independiente,34-133,1991,17,17,1530,82,11,23,77,71,81,38,45,18,65,45,43,62,45,33,38,16,35,68,83,83,44
Rodrigo Saracho,ar ARG,GK,bo San Antonio Bulo Bulo,31-194,1994,6,6,540,6,97,97,11,68,77,38,45,95,90,95,23,10,99,94,60,47,35,33,43,37,37
Roman Bürki,ch SUI,GK,St. Louis,34-247,1990,13,13,1170,28,86,87,46,18,21,38,45,76,68,58,80,77,49,35,33,70,35,63,65,68,38
Roman Celentano,us USA,GK,FC Cincinnati,24-308,2000,23,23,2070,44,44,44,59,78,69,84,94,54,27,26,38,78,57,64,64,19,90,48,44,41,59
Rome-Jayden Owusu-Oduro,nl NED,GK,AZ Alkmaar,20,2004,28,28,2520,53,15,10,62,55,45,84,94,26,49,52,50,25,11,22,66,26,89,24,16,45,81
Ronaldo,br BRA,GK,Bahia,28-331,1996,6,6,468,76,66,76,36,73,21,98,45,44,44,48,69,46,51,61,89,93,97,84,74,40,86
Roy Kortsmit,nl NED,GK,NAC Breda,31,1992,1,1,90,3,44,3,11,98,98,38,45,98,99,97,58,2,4,28,96,91,35,33,0,93,97
Rubén Cordano,bo BOL,GK,bo Bolívar,26-276,1998,2,2,180,13,93,89,11,18,21,38,45,50,21,32,96,95,39,12,29,6,35,4,39,22,51
Rui Encarnação,pt POR,GK,Nacional,26,1998,2,1,135,6,67,15,11,100,100,38,45,85,28,22,18,2,16,36,5,75,35,3,3,55,5
Rui Silva,pt POR,GK,Sporting CP,30,1994,17,17,1530,83,3,4,70,81,87,38,45,12,15,10,9,21,28,17,49,85,35,57,34,58,68
Salvatore Sirigu,it ITA,GK,Palermo,37,1987,3,3,270,87,7,8,94,18,21,38,45,4,42,27,58,7,11,40,18,18,35,14,63,74,19
Samuel Soares,pt POR,GK,Benfica,22,2002,2,2,180,97,8,15,97,94,21,99,45,5,3,2,2,89,22,2,73,26,99,93,87,43,96
Samuele Perisan,it ITA,GK,Sampdoria,26,1997,1,1,57,97,2,6,11,18,21,38,45,3,25,37,2,74,90,98,91,6,35,87,98,23,74
Sean Johnson,us USA,GK,Toronto FC,36-049,1989,22,22,1980,46,69,74,54,71,81,38,45,76,32,39,35,49,66,39,33,42,35,89,66,33,37
Sebastian Breza,ca CAN,GK,CF Montréal,27-126,1998,3,3,270,3,95,81,11,18,21,38,45,97,21,19,58,64,6,14,96,37,35,15,11,43,98
Sebastiano Desplanches,it ITA,GK,Palermo,21,2003,21,20,1854,65,31,42,57,41,48,38,45,14,36,26,70,86,29,60,47,68,35,24,71,64,43
Sebastián Britos,uy URU,GK,pe Universitario,37-198,1988,6,6,540,87,60,85,65,18,21,38,45,32,89,84,4,21,95,86,29,87,35,91,93,69,22
Sebastián Jurado,mx MEX,GK,FC Juárez,26,1997,21,21,1890,40,49,46,48,53,62,38,45,50,27,47,61,24,35,33,32,33,35,28,39,17,35
Sebastián Meza,ar ARG,GK,Huracán,25-127,2000,1,1,90,3,14,1,11,98,98,38,45,77,3,9,3,21,1,0,5,6,35,1,0,3,5
Senne Lammens,be BEL,GK,Antwerp,22,2002,30,30,2700,64,84,92,46,75,55,96,45,65,54,47,83,91,17,42,89,39,95,91,85,62,92
Seny Dieng,sn SEN,GK,Middlesbrough,29,1994,17,17,1530,52,10,7,57,18,21,38,45,22,6,8,61,78,14,56,49,76,35,17,16,9,48
Sergio Rochet,uy URU,GK,Internacional,32-118,1993,2,2,135,97,44,89,94,18,21,38,45,7,28,22,52,30,3,52,5,6,35,95,98,55,5
Simon Mignolet,be BEL,GK,Club Brugge,36,1988,30,30,2669,57,25,25,54,60,62,81,45,42,59,29,77,44,18,34,35,52,74,57,42,93,41
Simon Moore,eng ENG,GK,Sunderland,34,1990,4,4,360,91,8,15,95,18,21,38,45,4,31,46,39,93,45,67,73,71,35,44,87,22,68
Simone Ghidotti,it ITA,GK,Sampdoria,24,2000,9,9,720,70,93,96,26,18,21,38,45,62,42,61,64,47,39,84,94,33,35,92,92,22,89
Simão Bertelli,br BRA,GK,AVS Futebol,31,1993,11,11,990,44,82,82,35,84,81,92,45,87,72,61,57,56,65,47,52,42,90,94,66,69,52
Sinan Bolat,tr TUR,GK,Westerlo,35,1988,11,11,990,20,89,85,23,71,81,38,45,81,70,70,70,62,62,65,43,63,35,44,46,51,38
Solomon Brynn,eng ENG,GK,Middlesbrough,23,2000,6,6,509,30,57,51,35,18,21,38,45,75,8,8,46,86,24,47,94,50,35,63,27,15,95
Stefan Frei,ch SUI,GK,Seattle Sounders,39-090,1986,18,18,1620,61,29,38,65,68,77,38,45,26,23,24,30,47,53,20,34,29,35,38,65,35,49
Stefano Gori,it ITA,GK,Spezia,28,1996,23,23,2070,81,24,41,89,39,45,38,45,15,80,59,32,55,27,36,41,45,35,57,84,83,46
Stijn van Gassel,nl NED,GK,NEC Nijmegen,27,1996,2,2,180,13,97,98,11,94,94,38,45,93,9,84,73,99,96,98,73,80,35,83,70,2,33
Thiago Cardozo,uy URU,GK,Unión,28-353,1996,15,15,1346,64,26,30,54,75,69,38,98,33,30,33,10,69,62,49,39,24,89,59,52,39,39
Thomas Didillon,fr FRA,GK,Willem II,28,1995,34,34,3060,26,84,83,29,71,81,38,45,82,89,85,56,43,78,90,78,17,35,73,58,67,58
Thomas Hasal,ca CAN,GK,LAFC,26-010,1999,1,1,90,0,99,89,11,18,21,38,45,98,3,9,52,98,39,18,96,6,35,0,4,3,97
Thomas Kaminski,be BEL,GK,Luton Town,31,1992,45,45,3990,34,55,50,46,46,48,78,45,56,96,95,59,15,72,50,34,84,71,25,30,59,34
Thomas Vettorel,it ITA,GK,Cosenza,23,2000,2,1,124,10,55,22,11,96,96,38,45,84,51,48,41,17,74,4,5,93,35,13,8,52,5
Théo Defourny,be BEL,GK,Charleroi,32,1992,1,1,90,13,44,15,11,18,21,38,45,66,3,27,42,21,22,9,5,59,35,8,6,1,5
Tiago Volpi,br BRA,GK,Grêmio,34-212,1990,32,32,2880,56,65,74,56,65,75,38,45,64,85,63,71,27,57,63,62,55,35,85,72,87,55
Timon Wellenreuther,de GER,GK,Feyenoord,28,1995,29,29,2610,75,24,30,68,46,43,81,45,32,52,37,94,67,5,13,38,96,74,73,58,75,60
Tobe Leysen,be BEL,GK,OH Leuven,22,2002,29,29,2610,61,55,69,60,68,71,81,45,60,80,81,88,87,63,74,73,55,74,87,78,45,65
Tom Glover,au AUS,GK,Middlesbrough,26,1997,7,6,571,76,6,4,83,18,21,38,45,7,39,68,78,90,34,25,87,64,35,14,10,13,91
Tom Vandenberghe,be BEL,GK,Gent,31,1992,12,12,1080,16,79,69,32,49,57,38,45,84,71,56,43,91,20,49,84,30,35,31,27,76,82
Tomas Romero,sv SLV,GK,NYCFC,24-212,2000,3,3,270,87,32,71,65,18,21,38,45,32,7,4,49,52,47,52,45,18,35,91,95,56,46
Tomás Durso,ar ARG,GK,Atlé Tucumán,26-143,1999,11,11,990,33,51,41,35,84,59,92,99,70,78,75,31,59,73,24,52,78,97,56,25,54,65
Tomás Marchiori,ar ARG,GK,ar Vélez Sarsfield,30-029,1995,22,22,1980,65,21,30,72,51,48,38,95,21,21,23,8,30,73,29,33,17,82,33,68,37,41
Tomáš Vaclík,cz CZE,GK,Boavista,35,1989,12,12,1080,19,94,95,50,82,87,38,45,87,84,76,21,87,94,81,66,59,35,63,67,66,53
Tomé,pt POR,GK,Boavista,17,2006,2,2,180,6,76,36,11,18,21,38,45,37,86,94,0,0,99,79,5,59,35,0,6,26,5
Vasilios Barkas,gr GRE,GK,Utrecht,30,1994,31,31,2790,40,62,65,46,53,62,38,45,56,63,56,66,43,44,43,68,52,35,44,52,63,75
Vicente Reyes,cl CHI,GK,Norwich City,20,2003,4,3,271,9,41,7,11,18,21,38,45,85,6,5,22,79,6,35,18,96,35,8,2,8,20
Viktor Johansson,se SWE,GK,Stoke City,25,1998,46,46,4140,44,62,69,59,55,55,78,91,69,48,69,79,69,27,78,81,94,79,80,67,21,69
Vincenzo Fiorillo,it ITA,GK,Salernitana,34,1990,17,16,1366,26,52,39,23,60,69,38,45,62,56,57,31,24,87,75,66,28,35,22,19,48,58
Vladan Kovačević,ba BIH,GK,Sporting CP,26,1998,6,6,540,81,9,10,65,18,21,38,45,8,3,2,6,30,2,8,29,37,35,20,49,63,58
Václav Hladký,cz CZE,GK,Burnley,33,1990,1,1,90,97,44,89,97,18,21,38,45,2,9,13,87,52,4,40,96,6,35,68,98,11,96
Walter,br BRA,GK,Mirassol,37-243,1987,6,6,540,87,71,89,65,68,21,97,45,54,53,40,66,94,18,87,84,14,96,96,91,70,68
Walter Benítez,ar ARG,GK,PSV Eindhoven,31,1993,34,34,3015,59,15,11,54,43,52,38,45,30,44,16,87,43,10,10,39,78,35,38,21,92,69
Warleson,br BRA,GK,Cercle Brugge,27,1996,10,9,817,17,82,70,11,18,21,38,45,95,93,93,29,4,32,12,33,98,35,92,26,55,56
Wessel Speel,0,GK,Minnesota Utd,0,0,3,3,199,5,62,9,11,93,93,38,45,96,61,86,49,1,87,53,26,6,35,17,2,17,25
Will Norris,eng ENG,GK,Portsmouth,30,1993,8,8,720,8,91,80,50,91,93,38,45,89,89,95,83,42,42,58,22,59,35,13,20,30,20
Williams Barlasina,ar ARG,GK,Aldosivi,27-020,1998,5,5,450,20,56,40,11,18,21,38,45,66,42,39,6,76,75,65,58,14,35,15,16,51,52
Wéverton,br BRA,GK,Palmeiras,37-218,1987,17,17,1530,83,20,34,83,58,52,89,45,15,26,60,26,38,56,51,67,50,86,66,77,9,71
Yanick van Osch,nl NED,GK,RKC Waalwijk,27,1997,3,3,270,3,99,98,11,89,91,38,45,99,96,93,87,39,97,99,73,37,35,86,32,74,29
Yohei Takaoka,jp JPN,GK,Vancouver W'caps,29-125,1996,22,22,1980,60,21,21,82,71,71,87,45,32,26,21,62,40,30,29,47,83,82,46,29,51,55
Zack Steffen,us USA,GK,Colorado Rapids,30-108,1995,13,13,1170,38,85,87,60,18,21,38,45,81,62,76,52,78,56,75,56,73,35,87,69,31,46
Éverson,br BRA,GK,Atlético Mineiro,34-362,1990,12,12,1080,81,27,42,91,18,21,38,45,29,65,56,82,52,5,28,29,88,35,82,80,65,35
Óscar Ustari,ar ARG,GK,Inter Miami,39-016,1986,17,17,1362,30,73,75,27,18,21,38,45,58,47,15,88,92,27,23,23,93,35,22,53,96,27
