Player,Nation,Position,Team,Age,Born,Matches Played,Starts,Minutes Played,Goals Against,Shots on Target Against,Saves,Clean Sheets,Penalty Kicks Attempted,Penalty Kicks Allowed,Penalty Kicks Saved,Penalty Kicks Missed,Post-Shot Expected Goals,Launched Passes Completed,Launched Passes Attempted,Passes Attempted (GK),Through Balls,Goal Kicks Attempted,Crosses Opposed,Crosses Stopped,Sweeper Actions
Arnaud Bodart,be BEL,GK,Standard Liège,25,1998,29,29,2610,35,134,98,5,6,5,1,0,35.3,113,402,725,131,224,415,29,17
Sinan Bolat,tr TUR,GK,Westerlo,34,1988,26,26,2340,44,132,89,5,3,3,0,0,41.9,108,323,798,106,184,355,20,17
Jean Butez,fr FRA,GK,Antwerp,28,1995,30,30,2700,27,97,71,12,5,5,0,0,28.3,173,459,1276,152,131,340,36,45
Valentin Cojocaru,ro ROU,GK,OH Leuven,27,1995,3,3,270,8,15,7,0,4,4,0,0,8.2,14,19,80,18,19,31,2,2
Jo Coppens,be BEL,GK,Sint-Truiden,32,1990,4,4,360,8,14,6,0,0,0,0,0,5.6,9,37,185,19,14,54,4,3
Gaëtan Coucke,be BEL,GK,Mechelen,24,1998,30,30,2700,34,124,90,10,4,1,1,2,40.9,182,428,841,104,252,463,32,21
Théo Defourny,be BEL,GK,RWDM,31,1992,30,30,2679,66,178,110,4,15,12,3,0,68.0,196,486,659,89,229,514,11,10
Martin Delavallée,be BEL,GK,Charleroi,19,2004,1,0,1,0,0,0,0,0,0,0,0,0.0,3,3,1,0,2,1,0,0
Maxime Dupé,fr FRA,GK,Anderlecht,30,1993,7,7,630,7,24,17,2,2,2,0,0,7.0,21,62,232,18,36,101,6,7
Nick Gillekens,be BEL,GK,Westerlo,28,1995,4,4,360,10,23,14,0,0,0,0,0,6.7,34,66,150,19,25,73,4,10
Laurent Henkinet,be BEL,GK,Standard Liège,30,1992,1,1,90,6,9,3,0,1,1,0,0,5.0,0,5,30,7,2,8,0,2
Guillaume Hubert,be BEL,GK,RWDM,29,1994,1,0,17,1,0,0,0,0,0,0,0,0.0,2,7,11,1,2,4,1,0
Joachim Imbrechts,se SWE,GK,Union SG,21,2001,1,0,21,0,1,1,0,0,0,0,0,0.2,0,1,5,3,0,4,0,0
Nordin Jackers,be BEL,GK,Club Brugge,25,1997,3,2,261,3,12,9,1,2,0,0,2,3.0,26,51,79,8,30,32,3,3
Hervé Koffi,bf BFA,GK,Charleroi,26,1996,26,26,2339,39,129,91,7,5,5,0,0,42.0,160,436,768,125,168,358,39,38
Tobe Leysen,be BEL,GK,OH Leuven,21,2002,16,16,1440,18,78,62,5,1,1,0,0,20.7,90,283,486,81,142,355,19,15
Heinz Lindner,at AUT,GK,Union SG,33,1990,1,1,90,1,2,1,0,0,0,0,0,1.0,3,4,21,1,4,9,0,0
Simon Mignolet,be BEL,GK,Club Brugge,35,1988,28,28,2439,26,86,60,9,1,0,0,1,25.3,151,309,833,111,153,245,26,52
Anthony Moris,lu LUX,GK,Union SG,33,1990,29,29,2588,30,87,57,8,3,3,0,0,29.8,156,342,885,119,113,311,21,32
Paul Nardi,fr FRA,GK,Gent,29,1994,10,10,900,12,42,30,1,1,1,0,0,11.9,45,112,196,36,87,154,10,6
Manaf Nurudeen,gh GHA,GK,Eupen,24,1999,2,2,180,2,8,6,1,1,1,0,0,2.3,13,53,65,6,37,49,2,3
Pierre Patron,fr FRA,GK,Charleroi,25,1997,4,4,360,9,21,12,1,0,0,0,0,8.3,27,57,97,22,19,52,6,4
Lucas Pirard,be BEL,GK,Kortrijk,28,1995,9,9,810,10,42,33,4,0,0,0,0,12.0,83,212,211,37,91,170,12,10
Maxence Prevot,fr FRA,GK,OH Leuven,26,1997,11,11,990,21,56,34,2,3,2,1,0,17.8,64,166,308,70,100,189,17,6
Davy Roef,be BEL,GK,Gent,29,1994,12,12,1080,9,42,30,5,6,3,3,0,15.2,58,115,272,82,87,168,17,7
Kasper Schmeichel,dk DEN,GK,Anderlecht,36,1986,23,23,2070,23,110,86,5,2,1,1,0,31.3,120,268,743,94,140,344,14,12
Daniel Schmidt,jp JPN,GK,Sint-Truiden,31,1992,4,4,360,3,12,9,2,0,0,0,0,2.1,21,43,148,24,12,52,3,8
Daniel Schmidt,jp JPN,GK,Gent,31,1992,8,8,720,17,38,21,1,4,4,0,0,15.5,40,100,201,44,48,114,9,4
Gaga Slonina,us USA,GK,Eupen,19,2004,28,28,2520,56,159,106,4,5,3,1,1,50.1,97,316,781,147,235,427,19,29
Zion Suzuki,jp JPN,GK,Sint-Truiden,20,2002,22,22,1980,35,100,65,5,5,5,0,0,33.7,107,289,900,130,101,319,38,17
Tom Vandenberghe,be BEL,GK,Kortrijk,30,1992,21,21,1890,47,126,82,1,2,1,0,1,44.3,120,356,537,104,154,332,26,17
Maarten Vandevoordt,be BEL,GK,Genk,21,2002,30,30,2700,31,116,84,10,3,2,1,0,34.5,160,437,925,117,169,414,33,20
Warleson,br BRA,GK,Cercle Brugge,26,1996,30,30,2700,34,123,90,11,1,0,1,0,39.3,258,711,663,37,180,365,11,54
Rúnar Alex Rúnarsson,is ISL,GK,Cardiff City,28,1995,6,6,540,8,24,16,1,0,0,0,0,9.0,20,60,179,33,42,67,5,5
Ryan Allsop,eng ENG,GK,Hull City,31,1992,37,37,3321,46,146,100,10,3,3,0,0,35.3,111,481,1850,94,123,498,32,42
Jak Alnwick,eng ENG,GK,Cardiff City,30,1993,24,24,2160,33,95,63,7,1,0,0,1,30.5,169,481,707,74,172,333,10,17
Daniel Bachmann,at AUT,GK,Watford,29,1994,27,27,2429,32,106,74,11,3,1,2,0,32.9,80,319,1042,143,78,321,17,56
Gavin Bazunu,ie IRL,GK,Southampton,21,2002,41,41,3690,54,143,89,11,3,2,0,1,42.1,163,360,1771,234,166,487,16,61
James Beadle,eng ENG,GK,Sheffield Weds,19,2004,19,19,1710,24,75,52,8,1,0,0,1,22.7,92,333,599,78,134,262,14,23
Asmir Begović,ba BIH,GK,QPR,36,1987,45,45,4049,57,178,122,13,1,1,0,0,48.3,199,600,1148,242,315,629,49,24
Bartosz Białkowski,pl POL,GK,Millwall,36,1987,14,14,1260,21,63,42,4,2,2,0,0,21.4,88,227,231,47,99,176,7,15
Nathan Bishop,eng ENG,GK,Sunderland,23,1999,1,1,90,2,2,0,0,0,0,0,0,1.1,1,7,28,3,8,9,0,0
Jack Bonham,ie IRL,GK,Stoke City,29,1993,14,14,1260,19,59,41,5,3,3,0,0,20.5,77,241,423,84,104,239,16,10
Jacob Chapman,au AUS,GK,Huddersfield,22,2000,2,1,139,2,4,1,1,1,0,1,0,1.6,4,29,45,7,15,15,0,2
Bradley Collins,eng ENG,GK,Coventry City,26,1997,28,28,2520,33,132,102,8,2,2,0,0,30.9,118,310,766,125,242,392,18,37
Michael Cooper,eng ENG,GK,Plymouth Argyle,23,1999,19,19,1710,24,84,61,6,2,1,1,0,25.2,86,351,649,149,183,317,35,10
David Cornell,wls WAL,GK,Preston,32,1991,2,2,180,4,9,5,0,1,1,0,0,4.3,18,54,48,3,22,32,1,4
Karl Darlow,wls WAL,GK,Leeds United,32,1990,2,1,126,3,5,2,0,0,0,0,0,1.8,5,11,51,6,8,24,0,0
Cameron Dawson,eng ENG,GK,Sheffield Weds,28,1995,18,18,1620,28,62,35,4,2,1,1,0,21.1,108,286,634,81,99,244,19,25
Seny Dieng,sn SEN,GK,Middlesbrough,28,1994,35,35,3149,47,129,84,10,3,3,0,0,43.7,114,380,1274,156,164,470,29,55
Neil Etheridge,ph PHI,GK,Birmingham City,33,1990,2,2,180,3,5,2,0,0,0,0,0,2.6,3,29,62,14,15,19,3,1
Tom Glover,au AUS,GK,Middlesbrough,25,1997,12,11,991,15,48,33,1,0,0,0,0,13.7,27,112,377,62,65,175,9,20
Angus Gunn,sct SCO,GK,Norwich City,27,1996,40,40,3540,48,152,105,11,4,4,0,0,51.6,141,399,1296,161,181,598,35,55
Ben Hamer,eng ENG,GK,Watford,35,1987,19,19,1710,28,92,63,3,3,1,2,0,28.9,43,147,683,85,51,259,11,21
Conor Hazard,nir NIR,GK,Plymouth Argyle,25,1998,27,27,2430,46,132,88,5,1,1,0,0,43.9,107,439,860,145,204,459,20,16
Mads Hermansen,dk DEN,GK,Leicester City,23,2000,44,44,3960,41,154,113,13,1,0,1,0,45.7,126,404,2076,212,105,461,29,77
Václav Hladký,cz CZE,GK,Ipswich Town,32,1990,46,46,4139,57,165,114,14,3,2,0,1,52.1,155,364,1682,174,152,599,33,105
Ethan Horvath,us USA,GK,Cardiff City,28,1995,16,16,1440,29,76,47,4,3,2,0,1,24.9,80,266,395,74,138,224,9,7
Matt Ingram,eng ENG,GK,Hull City,29,1993,10,9,819,14,29,15,1,0,0,0,0,9.4,23,103,389,42,35,138,11,5
Daniel Iversen,dk DEN,GK,Stoke City,26,1997,18,18,1620,22,54,32,7,1,1,0,0,19.6,69,299,507,70,114,224,19,26
Viktor Johansson,se SWE,GK,Rotherham Utd,24,1998,45,44,3961,85,261,177,5,5,4,0,1,86.1,547,1402,1331,104,383,772,60,71
Kristoffer Klaesson,no NOR,GK,Leeds United,22,2000,1,1,90,0,1,1,1,0,0,0,0,0.0,3,10,24,3,7,5,0,0
George Long,eng ENG,GK,Norwich City,29,1993,7,6,600,16,44,29,1,1,1,0,0,12.1,10,74,191,23,33,86,5,1
Chris Maxwell,wls WAL,GK,Huddersfield,33,1990,9,8,696,11,40,29,0,0,0,0,0,12.2,42,133,194,46,79,152,6,4
Alex McCarthy,eng ENG,GK,Southampton,33,1989,5,5,450,9,26,17,1,0,0,0,0,8.0,10,36,159,27,18,49,2,1
Illan Meslier,fr FRA,GK,Leeds United,23,2000,44,44,3922,40,121,83,18,1,1,0,0,34.9,98,397,1732,193,160,489,24,50
Lee Nicholls,eng ENG,GK,Huddersfield,30,1992,37,37,3305,64,162,100,7,3,3,0,0,58.8,219,679,941,185,286,512,23,37
Max O'Leary,ie IRL,GK,Bristol City,26,1996,46,46,4140,51,188,138,13,5,4,1,0,48.8,231,802,1512,262,230,584,37,73
Alex Palmer,eng ENG,GK,West Brom,26,1996,46,46,4140,47,148,98,18,7,3,3,1,46.9,138,492,1443,198,218,589,32,57
Anthony Patterson,eng ENG,GK,Sunderland,23,2000,45,45,4050,52,165,114,13,3,2,1,0,53.6,142,400,1288,249,211,505,35,35
Aynsley Pears,eng ENG,GK,Blackburn,25,1998,26,26,2311,38,120,83,7,4,3,1,0,34.6,94,352,750,133,224,327,20,56
Dillon Phillips,eng ENG,GK,Rotherham Utd,28,1995,2,2,179,4,10,6,0,1,1,0,0,3.4,34,67,59,5,26,29,1,3
John Ruddy,eng ENG,GK,Birmingham City,36,1986,44,44,3960,62,210,150,11,0,0,0,0,57.1,301,838,1251,259,371,681,79,46
Carl Rushworth,eng ENG,GK,Swansea City,22,2001,46,46,4140,65,206,143,10,5,5,0,0,68.5,222,779,1897,259,326,595,35,64
Matija Šarkić,me MNE,GK,Millwall,26,1997,32,32,2880,34,104,69,12,6,4,2,0,35.9,175,589,701,97,250,468,36,40
Tommy Simkin,eng ENG,GK,Stoke City,18,2004,1,1,90,1,2,1,0,0,0,0,0,0.4,7,24,24,5,7,16,0,0
Jakub Stolarczyk,pl POL,GK,Leicester City,22,2000,2,2,180,0,4,4,2,0,0,0,0,0.6,2,15,72,10,6,31,2,0
Mark Travers,ie IRL,GK,Stoke City,24,1999,13,13,1170,18,64,46,2,2,1,0,1,17.2,91,260,391,63,114,174,13,12
Devis Vásquez,co COL,GK,Sheffield Weds,25,1998,9,9,810,16,38,22,1,4,4,0,0,14.9,77,192,266,36,99,130,6,11
Leopold Wahlstedt,se SWE,GK,Blackburn,24,1999,21,20,1829,36,106,71,3,2,1,0,1,31.7,39,166,642,128,178,285,18,24
Joe Walsh,eng ENG,GK,QPR,21,2002,1,1,90,1,6,5,0,0,0,0,0,1.9,4,17,44,5,3,23,2,0
Christian Walton,eng ENG,GK,Ipswich Town,27,1995,1,0,1,0,1,1,1,0,0,0,0,0.1,0,1,2,0,0,0,0,0
Ben Wilson,eng ENG,GK,Coventry City,30,1992,18,18,1620,26,65,40,4,1,1,0,0,21.3,47,166,475,125,143,246,13,10
Freddie Woodman,eng ENG,GK,Preston,26,1997,44,44,3960,63,196,135,10,3,3,0,0,61.8,283,975,1061,168,375,630,29,54
Nícolas Andrade,br BRA,GK,Pisa,35,1988,31,31,2790,42,120,79,7,5,5,0,0,41.3,119,308,929,91,138,434,39,27
Lorenzo Andrenacci,it ITA,GK,Brescia,28,1995,9,9,765,9,27,18,1,1,1,0,0,6.9,41,105,166,31,62,130,10,0
Michele Avella,it ITA,GK,Brescia,23,2000,5,4,405,6,27,20,1,3,2,1,0,7.7,18,66,100,23,40,62,8,1
Francesco Bardi,it ITA,GK,Reggiana,31,1992,30,30,2624,34,129,93,8,5,3,2,0,33.5,111,326,528,136,241,488,20,6
Davide Barosi,it ITA,GK,Ascoli,23,2000,3,2,205,2,7,5,0,0,0,0,0,1.8,10,25,51,9,20,44,3,4
Brenno,br BRA,GK,Bari,24,1999,33,33,2939,40,119,81,6,5,4,0,1,34.0,90,287,509,135,235,509,19,19
Bruno,br BRA,GK,Venezia,25,1998,9,9,810,10,27,17,2,3,3,0,0,8.8,44,105,251,35,62,128,4,6
Leandro Chichizola,ar ARG,GK,Parma,33,1990,37,36,3252,33,106,73,13,2,1,0,1,34.5,230,686,1223,184,209,580,54,50
Edoardo Corvi,it ITA,GK,Parma,22,2001,2,2,168,2,11,9,0,0,0,0,0,2.8,5,20,58,14,9,16,3,5
Sebastiano Desplanches,it ITA,GK,Palermo,20,2003,2,2,180,2,6,4,1,0,0,0,0,1.4,13,35,52,4,14,40,1,3
Giacomo Drago,it ITA,GK,Südtirol,22,2001,1,1,90,1,4,3,0,0,0,0,0,0.9,3,9,29,6,1,16,1,1
Bartłomiej Drągowski,pl POL,GK,Spezia,25,1997,13,13,1170,20,63,44,3,2,2,0,0,18.3,46,119,285,51,86,164,5,9
Andrea Fulignati,it ITA,GK,Catanzaro,28,1994,37,37,3330,47,163,116,10,7,6,1,0,51.4,168,468,1801,161,153,588,32,24
Riccardo Gagno,it ITA,GK,Modena,26,1997,22,22,1927,24,67,43,8,3,2,1,0,21.2,119,316,634,75,126,329,23,20
Antony Iannarilli,it ITA,GK,Ternana,32,1990,32,32,2880,44,157,115,6,7,7,0,0,46.2,183,565,623,112,281,524,28,7
Jesse Joronen,fi FIN,GK,Venezia,30,1993,29,29,2610,36,107,71,10,4,3,1,0,32.9,102,301,770,149,192,420,13,18
Andreas Jungdal,dk DEN,GK,Cremonese,21,2002,18,18,1620,13,62,49,10,1,1,0,0,15.8,62,176,535,105,83,232,19,15
Elhan Kastrati,al ALB,GK,Cittadella,26,1997,35,35,3150,44,145,102,10,5,5,0,0,39.1,189,436,744,139,235,480,32,27
Eugenio Lamanna,it ITA,GK,Calcio Lecco 1912,33,1989,3,3,270,3,14,11,0,1,1,0,0,3.6,16,40,83,16,17,44,4,3
Luca Lezzerini,it ITA,GK,Brescia,28,1995,25,25,2250,25,90,63,7,4,1,2,1,23.9,115,265,554,93,206,419,19,15
Leonardo Loria,it ITA,GK,Pisa,24,1999,7,7,630,12,26,14,2,1,1,0,0,10.5,21,54,176,30,27,93,7,5
Luca Maniero,it ITA,GK,Cittadella,28,1995,3,3,270,3,14,11,1,0,0,0,0,3.9,17,36,55,10,19,32,0,0
Leonardo Marson,it ITA,GK,Cosenza,25,1998,2,1,124,1,6,5,1,1,1,0,0,2.0,5,23,38,4,14,37,1,1
Riccardo Melgrati,it ITA,GK,Calcio Lecco 1912,29,1994,23,23,2025,50,129,79,2,5,5,0,0,40.4,134,329,575,84,191,327,9,16
Alessandro Micai,it ITA,GK,Cosenza,30,1993,37,37,3296,41,149,107,10,4,2,2,0,43.0,208,577,1199,153,169,591,40,35
Mirko Pigliacelli,it ITA,GK,Palermo,30,1993,36,36,3240,51,153,102,9,3,2,1,0,45.3,174,410,1123,117,212,574,26,42
Marco Pissardo,it ITA,GK,Bari,25,1998,6,5,481,9,22,13,1,0,0,0,0,6.3,16,50,103,40,45,67,9,3
Semuel Pizzignacco,it ITA,GK,FeralpiSalò,21,2001,38,38,3420,65,167,102,4,9,8,1,0,53.1,273,705,913,127,328,606,26,22
Giacomo Poluzzi,it ITA,GK,Südtirol,35,1988,37,37,3330,47,133,86,10,6,5,1,0,42.5,300,716,961,136,320,614,49,24
Nicola Ravaglia,it ITA,GK,Sampdoria,34,1988,1,1,90,1,4,3,0,0,0,0,0,2.1,6,22,34,5,13,20,0,0
Andrea Sala,it ITA,GK,Catanzaro,29,1993,1,1,90,3,9,6,0,1,1,0,0,5.0,1,6,43,2,4,13,0,3
Umberto Saracco,it ITA,GK,Calcio Lecco 1912,29,1994,13,12,1125,21,54,33,4,2,1,0,1,13.6,87,202,316,68,135,201,10,6
Gianluca Saro,it ITA,GK,Cremonese,23,2000,8,8,720,7,30,23,3,0,0,0,0,7.4,26,70,231,40,42,97,7,3
Mouhamadou Sarr,sn SEN,GK,Cremonese,26,1997,12,12,1080,12,45,33,3,2,1,1,0,11.5,35,109,289,78,59,178,21,2
Giacomo Satalino,it ITA,GK,Reggiana,24,1999,9,8,796,11,39,28,3,1,1,0,0,10.3,45,122,170,47,82,165,20,5
Andrea Seculin,it ITA,GK,Modena,33,1990,17,16,1487,23,63,39,3,4,3,1,0,22.0,73,194,502,37,77,230,8,10
Adrian Šemper,hr CRO,GK,Como,25,1998,38,38,3398,40,125,86,12,3,3,0,0,36.2,149,386,938,124,164,550,44,28
Filip Stankovic,rs SRB,GK,Sampdoria,21,2002,37,37,3330,49,149,99,8,7,6,1,0,46.4,124,409,1089,148,232,587,42,27
Filippo Vandelli,it ITA,GK,Modena,22,2000,1,0,6,0,1,1,0,0,0,0,0,0.1,0,3,2,0,1,7,1,0
Devis Vásquez,co COL,GK,Ascoli,25,1998,10,9,827,8,32,24,5,0,0,0,0,9.9,38,121,249,37,72,125,11,6
Mauro Vigorito,it ITA,GK,Como,33,1990,1,0,22,0,1,1,1,0,0,0,0,0.2,0,1,7,1,1,2,1,0
Tommaso Vitali,it ITA,GK,Ternana,23,1999,6,6,540,6,30,24,3,1,1,0,0,8.8,42,121,150,26,52,115,10,5
Emiliano Viviano,it ITA,GK,Ascoli,37,1985,27,27,2384,32,92,61,8,9,6,1,2,31.4,220,489,593,47,150,409,30,17
Jeroen Zoet,nl NED,GK,Spezia,32,1991,25,25,2250,29,100,71,7,4,3,1,0,28.6,127,343,511,90,198,371,21,23
Luis Barraza,us USA,GK,NYCFC,27,1996,1,0,79,4,5,1,0,0,0,0,0,3.2,3,6,27,3,5,9,1,0
Adam Beaudry,us USA,GK,Colorado Rapids,17,2006,1,1,90,3,5,2,0,1,1,0,0,2.0,4,10,12,2,8,20,0,3
Gavin Beavers,us USA,GK,Real Salt Lake,18,2005,11,11,990,20,53,32,3,4,3,1,0,18.7,31,106,290,64,72,153,16,14
Andre Blake,jm JAM,GK,Philadelphia Union,33,1990,14,14,1112,14,53,40,3,0,0,0,0,15.5,41,99,202,53,85,177,8,7
Isaac Boehmer,us USA,GK,Vancouver W'caps,22,2001,1,1,90,2,6,5,0,0,0,0,0,1.6,5,23,27,2,9,22,0,0
Alex Bono,us USA,GK,D.C. United,29,1994,29,29,2610,55,128,75,2,3,3,0,0,49.9,300,649,860,110,190,347,14,58
Chris Brady,us USA,GK,Chicago Fire,19,2004,33,33,2970,61,164,104,4,8,8,0,0,56.9,108,341,672,159,253,365,25,31
Sebastian Breza,ca CAN,GK,CF Montréal,25,1998,1,1,90,2,10,8,0,1,1,0,0,2.8,3,22,20,4,17,28,0,0
Roman Bürki,ch SUI,GK,St. Louis,33,1990,32,32,2821,55,152,100,7,6,5,1,0,58.6,185,467,961,122,170,398,12,41
Evan Bush,us USA,GK,Columbus Crew,37,1986,2,2,124,2,8,6,0,1,0,0,1,3.1,3,13,43,8,12,20,0,0
Drake Callender,us USA,GK,Inter Miami,26,1997,32,32,2880,45,147,102,5,7,5,2,0,46.5,78,250,867,175,249,419,35,27
Roman Celentano,us USA,GK,FC Cincinnati,23,2000,30,30,2700,42,129,89,7,5,5,0,0,40.9,88,251,662,129,209,361,28,25
Steve Clark,us USA,GK,Houston Dynamo,37,1986,31,31,2772,34,127,94,8,4,4,0,0,39.9,66,175,758,123,138,398,18,34
Josh Cohen,us USA,GK,Atlanta Utd,31,1992,3,2,209,5,10,6,0,0,0,0,0,1.5,15,24,74,14,9,25,1,0
Carlos Coronel,py PAR,GK,NY Red Bulls,27,1996,27,27,2430,44,116,74,4,6,6,0,0,39.1,121,433,707,101,182,353,20,34
Maxime Crépeau,ca CAN,GK,Portland Timbers,29,1994,20,20,1757,38,88,51,1,3,2,0,1,33.4,117,261,628,99,133,264,27,33
Daniel,br BRA,GK,SJ Earthquakes,29,1994,12,12,1080,24,72,47,1,1,0,1,0,21.2,44,113,301,43,94,189,7,12
C.J. dos Santos,us USA,GK,Inter Miami,23,2000,1,1,90,4,6,2,0,0,0,0,0,2.4,2,4,25,2,11,14,0,1
Earl Edwards Jr.,us USA,GK,NE Revolution,32,1992,1,1,90,1,2,1,0,0,0,0,0,1.1,5,7,33,2,8,9,0,0
Matt Freese,us USA,GK,NYCFC,25,1998,34,34,2981,45,165,119,5,5,4,1,0,51.1,83,320,1085,205,223,413,28,33
Stefan Frei,ch SUI,GK,Seattle Sounders,37,1986,29,29,2464,27,96,69,11,3,3,0,0,26.7,104,302,586,98,210,375,27,11
Pedro Gallese,pe PER,GK,Orlando City,33,1990,29,29,2610,39,105,64,8,6,4,2,0,37.9,102,257,518,92,186,332,18,31
Luka Gavran,ca CAN,GK,Toronto FC,23,2000,9,9,810,18,50,32,2,0,0,0,0,16.5,35,90,220,41,63,107,6,11
Brad Guzan,us USA,GK,Atlanta Utd,39,1984,32,32,2849,44,154,107,5,6,3,3,0,48.4,223,476,992,136,197,425,24,29
Nicholas Hagen,gt GUA,GK,Columbus Crew,27,1996,4,3,326,5,23,18,1,1,1,0,0,6.2,4,26,105,16,25,41,1,2
Thomas Hasal,ca CAN,GK,LAFC,24,1999,1,1,90,3,7,4,0,0,0,0,0,2.5,3,12,24,4,8,3,0,0
Clint Irwin,us USA,GK,Minnesota Utd,34,1989,5,5,450,12,33,21,0,1,1,0,0,11.5,17,46,106,36,41,55,5,8
Aljaž Ivačič,si SVN,GK,NE Revolution,30,1993,25,25,2250,56,158,101,4,5,4,1,0,53.2,113,350,574,68,210,344,9,10
Jacob Jackson,us USA,GK,SJ Earthquakes,23,2000,3,3,270,9,18,9,0,0,0,0,0,5.2,9,32,70,16,30,41,2,2
Sean Johnson,us USA,GK,Toronto FC,34,1989,25,25,2250,43,111,69,6,5,5,0,0,40.6,87,298,687,100,172,309,17,34
Kristijan Kahlina,hr CRO,GK,Charlotte,31,1992,34,34,3060,37,154,116,12,1,0,1,0,47.5,129,351,954,167,226,512,35,59
Alec Kann,us USA,GK,FC Cincinnati,33,1990,3,3,270,4,10,6,0,0,0,0,0,2.7,8,25,59,16,23,49,0,0
Hugo Lloris,fr FRA,GK,LAFC,37,1986,33,33,2970,40,130,92,12,3,1,1,1,38.2,166,436,873,123,223,474,29,26
Evan Louro,us USA,GK,FC Cincinnati,28,1996,1,1,90,2,5,2,0,1,0,1,0,1.8,2,8,17,4,6,15,0,0
Benjamin Lundt,de GER,GK,St. Louis,28,1995,3,2,239,8,15,7,0,0,0,0,0,5.1,16,41,59,12,25,44,3,4
Zac MacMath,us USA,GK,Real Salt Lake,32,1991,23,23,2070,28,99,72,6,2,1,0,1,25.5,115,285,799,121,149,252,20,32
Jimmy Maurer,us USA,GK,FC Dallas,35,1988,4,4,360,4,21,17,2,0,0,0,0,6.6,21,41,151,17,11,56,0,3
John McCarthy,us USA,GK,LA Galaxy,31,1992,32,32,2880,48,172,124,6,5,4,1,0,51.7,88,328,707,145,227,478,22,10
Ryan Meara,us USA,GK,NY Red Bulls,33,1990,7,7,630,6,15,9,3,0,0,0,0,5.0,20,87,141,35,44,56,4,9
Tim Melia,us USA,GK,Sporting KC,37,1986,28,28,2520,53,125,72,3,5,2,3,0,49.2,103,378,679,117,192,280,13,21
Novak Mićović,rs SRB,GK,LA Galaxy,22,2001,2,2,180,2,6,4,1,0,0,0,0,0.9,3,8,51,12,19,20,0,2
Tyler Miller,us USA,GK,D.C. United,30,1993,5,5,450,15,29,14,0,2,2,0,0,10.7,58,166,159,9,43,65,4,15
Javier Otero,ve VEN,GK,Orlando City,21,2002,1,0,62,3,3,0,0,0,0,0,0,2.1,3,7,16,4,5,4,1,1
Maarten Paes,id IDN,GK,FC Dallas,25,1998,30,30,2700,52,170,117,5,8,5,3,0,49.2,111,286,809,124,208,385,12,39
Elliot Panicco,us USA,GK,Nashville SC,27,1996,6,5,432,10,34,23,1,2,0,1,1,10.4,23,65,109,30,31,59,4,2
James Pantemis,ca CAN,GK,Portland Timbers,26,1997,15,14,1301,18,58,40,5,1,0,1,0,20.1,76,220,449,46,94,212,8,16
John Pulskamp,us USA,GK,Sporting KC,22,2001,6,6,540,13,23,11,0,0,0,0,0,8.9,17,64,107,20,39,67,1,5
Henrich Ravas,sk SVK,GK,NE Revolution,26,1997,8,8,720,17,43,25,1,3,2,1,0,16.8,25,90,165,28,68,82,5,2
Spencer Richey,us USA,GK,Chicago Fire,31,1992,1,1,90,1,4,3,0,0,0,0,0,1.3,3,14,21,5,9,17,0,2
Andrew Rick,us USA,GK,Philadelphia Union,18,2006,6,6,540,12,32,21,1,0,0,0,0,10.9,40,107,109,18,51,78,3,6
Abraham Romero,mx MEX,GK,Columbus Crew,25,1998,1,1,90,0,3,3,1,0,0,0,0,0.4,2,6,32,2,3,7,0,1
Patrick Schulte,us USA,GK,Columbus Crew,22,2001,27,27,2430,29,105,76,10,2,2,0,0,32.1,74,207,805,135,140,284,13,26
Oliver Semmle,de GER,GK,Philadelphia Union,25,1998,17,14,1408,29,78,49,4,2,2,0,0,29.3,69,195,336,64,105,203,7,12
Jonathan Sirois,ca CAN,GK,CF Montréal,22,2001,33,33,2970,62,172,111,8,4,4,0,0,61.5,74,272,1003,225,258,499,27,45
Alec Smir,us USA,GK,Minnesota Utd,24,1999,3,3,270,6,13,7,0,0,0,0,0,5.3,8,29,52,12,20,37,1,2
Dayne St. Clair,ca CAN,GK,Minnesota Utd,26,1997,26,26,2340,31,99,68,7,3,1,1,1,32.1,110,442,658,96,175,387,7,40
Mason Stajduhar,us USA,GK,Orlando City,26,1997,5,5,388,8,28,20,1,2,2,0,0,10.0,11,28,75,25,22,38,4,4
Zack Steffen,us USA,GK,Colorado Rapids,28,1995,33,33,2970,57,158,103,6,3,2,0,1,45.9,139,418,801,150,252,403,15,75
Brad Stuver,us USA,GK,Austin,32,1991,34,34,3060,48,178,129,8,9,8,1,0,54.6,181,481,1174,202,252,482,35,40
Yohei Takaoka,jp JPN,GK,Vancouver W'caps,27,1996,33,33,2970,47,132,85,7,6,5,1,0,48.7,132,371,777,98,197,450,21,18
Andrew Tarbell,us USA,GK,Houston Dynamo,30,1993,4,3,288,5,19,13,0,1,0,1,0,5.5,12,30,79,18,14,45,1,0
Andrew Thomas,ru RUS,GK,Seattle Sounders,25,1998,7,5,593,8,29,20,2,2,1,1,0,7.8,25,83,121,23,33,96,12,3
Óscar Ustari,ar ARG,GK,Inter Miami,37,1986,1,1,90,0,6,6,1,0,0,0,0,1.1,4,8,38,9,9,11,1,2
Joe Willis,us USA,GK,Nashville SC,35,1988,30,29,2626,44,132,91,8,3,2,0,1,39.8,145,371,709,152,223,384,24,22
William Yarbrough,us USA,GK,SJ Earthquakes,34,1989,19,19,1710,45,100,56,1,7,7,0,0,36.1,108,229,417,92,141,304,21,11
Mio Backhaus,de GER,GK,Volendam,19,2004,33,32,2881,79,253,174,2,1,1,0,0,77.4,237,713,1109,164,288,513,40,40
Nordin Bakker,nl NED,GK,Almere City,25,1997,29,29,2596,53,163,110,9,4,3,1,0,55.6,266,838,844,77,234,396,28,32
Vasilios Barkas,gr GRE,GK,Utrecht,29,1994,29,29,2610,42,146,104,5,5,4,1,0,43.6,155,426,792,137,231,392,36,29
Walter Benítez,ar ARG,GK,PSV Eindhoven,30,1993,33,33,2964,20,72,54,18,3,3,0,0,23.5,122,249,878,99,150,301,23,44
Justin Bijlow,nl NED,GK,Feyenoord,25,1998,17,17,1462,14,41,27,6,0,0,0,0,13.7,57,138,656,64,52,142,19,50
Mattijs Branderhorst,nl NED,GK,Utrecht,29,1993,5,5,450,5,16,11,3,1,1,0,0,5.1,25,63,120,20,25,72,8,4
Michael Brouwer,nl NED,GK,Heracles Almelo,30,1993,34,34,3060,74,226,153,4,5,5,0,0,69.0,207,688,1037,160,308,580,30,18
Jasper Cillessen,nl NED,GK,NEC Nijmegen,34,1989,30,30,2640,46,145,98,5,6,5,1,0,46.2,170,492,776,141,275,535,28,23
Jeffrey De Lange,nl NED,GK,Go Ahead Eag,25,1998,34,34,3060,46,180,135,11,2,2,0,0,46.2,219,651,1211,127,223,670,17,32
Mickey van der Hart,nl NED,GK,Heerenveen,29,1994,12,12,1080,27,60,34,3,1,1,0,0,20.2,69,189,339,43,86,184,7,4
Joel Drommel,nl NED,GK,PSV Eindhoven,26,1996,1,1,90,1,5,4,0,0,0,0,0,1.5,4,6,29,7,7,7,0,4
Stijn van Gassel,nl NED,GK,Excelsior,26,1996,34,34,3060,73,204,132,6,2,2,0,0,60.6,332,944,1311,186,266,545,42,20
Jay Gorter,nl NED,GK,Ajax,23,2000,8,7,665,17,35,18,1,1,0,0,1,13.8,33,87,259,38,45,91,7,7
Mike Hauptmeijer,nl NED,GK,Zwolle,26,1997,2,2,180,3,11,8,0,1,1,0,0,3.9,8,33,77,15,22,36,5,6
Tom Hendriks,nl NED,GK,Fortuna Sittard,21,2002,1,1,90,0,3,3,1,0,0,0,0,0.6,4,10,19,6,5,11,3,2
Jeroen Houwen,nl NED,GK,RKC Waalwijk,27,1996,4,3,322,5,19,14,0,1,1,0,0,5.4,23,79,118,23,37,64,0,3
Luuk Koopmans,nl NED,GK,Fortuna Sittard,29,1993,5,5,450,6,19,13,2,0,0,0,0,7.1,28,105,116,15,35,56,7,9
Barry Lauwers,nl NED,GK,Volendam,23,1999,1,1,90,7,10,3,0,0,0,0,0,3.9,8,26,42,5,4,32,4,1
Andries Noppert,nl NED,GK,Heerenveen,29,1994,22,22,1980,43,104,62,4,3,3,0,0,40.2,106,269,574,114,137,322,20,16
Kayne van Oevelen,nl NED,GK,Volendam,19,2003,1,1,89,2,10,8,0,0,0,0,0,2.8,5,14,41,9,3,11,1,2
Nick Olij,nl NED,GK,Sparta R'dam,27,1995,34,34,3060,48,161,113,8,5,3,1,1,49.1,307,731,1242,123,236,629,37,38
Rome-Jayden Owusu-Oduro,nl NED,GK,AZ Alkmaar,19,2004,4,4,360,7,17,11,0,0,0,0,0,6.0,22,59,125,13,17,44,0,5
Ivor Pandur,hr CRO,GK,Fortuna Sittard,23,2000,16,16,1440,28,78,51,4,2,2,0,0,25.9,89,247,426,65,125,225,23,13
Diant Ramaj,de GER,GK,Ajax,21,2001,22,20,1824,32,99,68,3,1,1,0,0,32.4,123,322,893,113,114,263,21,30
Robin Roefs,nl NED,GK,NEC Nijmegen,20,2003,5,4,420,5,18,13,2,0,0,0,0,5.5,36,87,136,21,48,88,10,3
Eloy Room,cw CUW,GK,Vitesse,34,1989,34,34,3060,74,225,150,3,7,5,2,0,70.4,235,698,1137,153,262,450,18,25
Gerónimo Rulli,ar ARG,GK,Ajax,31,1992,7,7,571,12,30,18,1,1,1,0,0,11.4,49,104,305,40,36,66,6,13
Mathew Ryan,au AUS,GK,AZ Alkmaar,31,1992,29,29,2610,28,109,81,13,3,3,0,0,31.3,168,352,988,172,124,344,30,42
Samuel Şahin-Radlinger,at AUT,GK,Almere City,30,1992,6,5,464,6,25,19,1,0,0,0,0,6.8,42,163,150,14,43,70,3,13
Jasper Schendelaar,nl NED,GK,Zwolle,22,2000,32,32,2880,64,185,123,5,9,7,2,0,60.1,248,633,1115,183,240,549,33,30
Mark Spenkelink,nl NED,GK,RKC Waalwijk,26,1997,1,1,90,2,12,10,0,1,0,0,1,3.9,7,17,31,4,12,17,1,1
Przemysław Tytoń,pl POL,GK,Twente,36,1987,2,2,180,2,6,5,0,0,0,0,0,1.9,6,24,41,9,9,14,1,1
Lars Unnerstall,de GER,GK,Twente,33,1990,32,32,2880,34,123,89,10,6,5,1,0,40.1,128,426,932,156,197,359,20,54
Etienne Vaessen,sr SUR,GK,RKC Waalwijk,28,1995,30,30,2644,49,173,125,5,5,4,1,0,50.3,222,617,1117,144,219,502,40,39
Hobie Verhulst,nl NED,GK,AZ Alkmaar,30,1993,1,1,90,4,8,4,0,1,1,0,0,3.5,13,26,37,3,9,12,0,0
Michael Verrips,nl NED,GK,Fortuna Sittard,26,1996,12,12,1080,22,51,30,2,0,0,0,0,15.9,73,253,268,21,84,170,11,8
Boy Waterman,nl NED,GK,PSV Eindhoven,39,1984,1,0,6,0,1,1,0,0,0,0,0,0.1,1,1,3,1,2,2,0,0
Timon Wellenreuther,de GER,GK,Feyenoord,27,1995,19,17,1598,12,44,32,11,1,1,0,0,12.8,71,193,660,85,46,170,20,41
Washington Aguerre,uy URU,GK,uy Peñarol,30,1993,8,8,674,7,33,26,4,1,1,0,0,7.9,35,130,102,10,72,137,9,8
Facundo Altamirano,ar ARG,GK,ar San Lorenzo,27,1996,6,6,481,5,22,17,1,1,1,0,0,5.5,18,69,87,11,35,69,2,1
Guillermo de Amores,uy URU,GK,uy Peñarol,29,1994,5,4,405,5,13,8,2,0,0,0,0,5.2,7,40,94,29,29,45,6,3
Alejandro Araque,ve VEN,GK,ve Dep Táchira,28,1995,2,2,180,5,12,7,0,0,0,0,0,5.2,8,29,30,5,19,37,0,0
Franco Armani,ar ARG,GK,ar River Plate,37,1986,12,12,1080,8,28,20,7,1,1,0,0,8.7,39,93,197,58,75,139,7,4
Frankarlos Benítez,ve VEN,GK,ve Caracas,19,2004,2,1,168,5,14,9,0,0,0,0,0,3.9,8,37,30,7,29,38,0,0
Sebastián Britos,uy URU,GK,pe Universitario,36,1988,6,6,540,9,17,8,0,0,0,0,0,8.6,35,82,85,14,47,76,8,3
Jorge Broun,ar ARG,GK,ar Rosario Central,37,1986,6,6,540,7,21,14,1,0,0,0,0,6.5,23,88,92,9,48,68,6,2
Javier Burrai,ec ECU,GK,ec Barcelona,33,1990,6,6,540,9,19,10,1,1,1,0,0,5.0,27,61,138,18,55,81,2,0
Jesús Camargo,ve VEN,GK,ve Dep Táchira,26,1997,4,4,360,6,23,16,0,1,0,1,0,10.5,30,78,86,25,56,86,9,2
Ángelo Campos,pe PER,GK,pe Alianza Lima,30,1993,5,5,445,4,14,10,1,0,0,0,0,3.8,26,72,98,18,34,76,2,3
Brayan Cortés,cl CHI,GK,cl Colo-Colo,28,1995,10,10,900,8,27,19,3,0,0,0,0,8.3,43,118,282,42,83,101,9,11
Álvaro David Montero,co COL,GK,co Millonarios,28,1995,6,6,540,12,29,18,0,1,1,0,0,11.8,24,73,98,16,49,48,4,1
Alexander Domínguez,ec ECU,GK,ec LDU de Quito,36,1987,6,6,540,6,18,12,2,2,1,0,1,6.4,27,53,82,22,53,43,3,2
Éverson,br BRA,GK,br Atlético Mineiro,33,1990,13,13,1170,11,34,23,6,1,1,0,0,12.9,41,111,334,49,79,159,10,23
Fábio,br BRA,GK,br Fluminense,43,1980,10,10,930,10,38,27,3,2,1,1,0,12.8,15,67,168,38,64,130,4,12
Wuilker Faríñez,ve VEN,GK,ve Caracas,25,1998,5,5,369,14,26,12,0,0,0,0,0,8.8,16,44,62,16,44,85,1,2
Gatito Fernández,py PAR,GK,br Botafogo (RJ),35,1988,3,3,270,4,7,3,1,1,1,0,0,3.7,10,20,60,10,30,33,0,2
Gastón Gómez,ar ARG,GK,ar San Lorenzo,27,1996,3,2,239,3,6,3,1,0,0,0,0,1.9,6,34,38,2,17,27,1,0
Gastón Guruceaga,uy URU,GK,uy Liverpool,28,1995,3,3,270,5,18,13,1,0,0,0,0,4.3,10,37,74,9,16,60,3,2
Guido Herrera,ar ARG,GK,ar Talleres,31,1992,8,8,720,9,24,15,2,2,2,0,0,8.2,53,118,160,14,53,110,5,3
Jean,br BRA,GK,py Cerro Porteño,28,1995,6,6,540,5,22,17,2,1,1,0,0,6.3,41,103,113,14,48,77,4,3
John,br BRA,GK,br Botafogo (RJ),27,1996,10,10,930,10,31,21,3,1,0,0,1,8.1,41,162,241,32,99,206,8,5
Carlos Lampe,bo BOL,GK,bo Bolívar,36,1987,8,8,720,11,49,38,2,1,1,0,0,13.2,19,57,235,40,76,99,7,15
Sebastián Lentinelly,uy URU,GK,uy Liverpool,26,1997,3,3,270,9,23,14,0,1,1,0,0,7.8,7,40,63,12,21,43,0,3
Marcelo Lomba,br BRA,GK,br Palmeiras,37,1986,1,1,90,1,5,4,0,0,0,0,0,1.0,2,5,16,6,9,20,1,1
Matías Mansilla,ar ARG,GK,ar Estudiantes–LP,27,1996,6,6,540,9,20,12,0,0,0,0,0,7.2,6,32,107,22,35,56,1,3
Agustín Marchesín,ar ARG,GK,br Grêmio,35,1988,8,8,750,8,31,23,3,1,1,0,0,8.3,35,104,140,23,70,134,4,2
Luis Mejía,pa PAN,GK,uy Nacional,32,1991,8,8,720,9,26,17,3,0,0,0,0,8.7,21,56,116,32,42,72,5,2
Santiago Mele,uy URU,GK,co Junior,26,1997,8,8,720,7,33,26,2,1,1,0,0,9.1,37,116,189,31,75,132,9,2
Rodrigo Morínigo,py PAR,GK,py Libertad,25,1998,6,6,540,8,28,20,1,0,0,0,0,9.3,38,80,154,17,52,76,1,4
Martín Parra,cl CHI,GK,cl Huachipato,23,2000,6,6,540,9,24,15,2,1,1,0,0,9.3,29,86,142,22,48,100,0,8
Rafael Pires,br BRA,GK,br São Paulo,34,1989,10,10,930,4,27,23,7,0,0,0,0,5.9,53,101,217,47,78,133,3,6
Moisés Ramírez,ec ECU,GK,ec Independiente,23,2000,5,5,450,7,11,4,1,0,0,0,0,5.5,14,30,122,13,26,48,1,6
Leandro Requena,ar ARG,GK,cl Cobresal,36,1987,5,5,450,9,30,21,0,1,1,0,0,10.0,35,84,92,20,53,77,4,1
César Rigamonti,ar ARG,GK,cl Palestino,36,1987,6,6,540,11,36,26,1,2,1,1,0,11.1,42,114,120,8,66,89,7,5
Agustín Rossi,ar ARG,GK,br Flamengo,28,1995,10,10,900,6,35,29,5,0,0,0,0,7.1,44,136,299,55,82,112,2,7
Alejandro Santander,cl CHI,GK,cl Cobresal,21,2002,1,1,90,2,4,2,0,0,0,0,0,1.4,4,17,20,2,7,10,0,0
Franco Saravia,pe PER,GK,pe Alianza Lima,24,1999,2,1,95,3,6,3,0,0,0,0,0,1.5,3,9,14,2,7,13,0,0
Guido Villar,ar ARG,GK,ec Independiente,25,1998,1,1,90,2,2,0,0,1,1,0,0,1.1,3,11,17,1,7,13,0,2
Guillermo Vizcarra,bo BOL,GK,bo The Strongest,30,1993,8,8,720,10,48,38,5,0,0,0,0,10.9,37,116,139,41,94,165,5,5
Wéverton,br BRA,GK,br Palmeiras,36,1987,7,7,630,8,23,15,2,0,0,0,0,5.9,23,85,148,27,59,56,2,9
Adriel,br BRA,GK,Bahia,23,2001,4,3,334,6,12,6,0,0,0,0,0,4.1,10,32,108,17,25,43,4,10
Alisson,br BRA,GK,Criciúma,28,1995,6,4,421,7,25,18,0,0,0,0,0,7.1,22,74,98,22,54,84,5,1
Anderson,br BRA,GK,Cruzeiro,25,1998,17,17,1530,22,72,51,6,1,1,0,0,22.9,32,99,345,76,125,239,11,11
Anthoni,br BRA,GK,Internacional,22,2002,2,2,180,1,5,3,1,1,0,1,0,1.8,14,45,46,5,26,47,1,0
Lucas Arcanjo,br BRA,GK,Vitória,25,1998,37,37,3330,52,162,112,8,4,3,0,1,44.1,126,432,835,118,273,647,30,15
Muriel Becker,br BRA,GK,Vitória,36,1987,1,1,90,0,2,2,1,0,0,0,0,0.6,11,21,20,2,10,19,1,0
Bento,br BRA,GK,Ath Paranaense,24,1999,7,7,630,4,25,20,4,1,0,1,0,6.5,45,86,123,18,47,86,6,2
Rafael Cabral,br BRA,GK,Grêmio,33,1990,6,5,457,8,23,15,1,1,1,0,0,8.4,25,73,106,20,47,71,5,2
Caíque,br BRA,GK,Grêmio,26,1997,6,5,488,10,27,18,0,1,1,0,0,8.9,22,76,84,21,47,82,3,3
Cássio,br BRA,GK,Cruzeiro,36,1987,21,21,1890,19,101,82,6,1,1,0,0,26.9,48,121,430,103,146,314,10,11
Cássio,br BRA,GK,Corinthians,36,1987,3,3,270,3,14,11,1,0,0,0,0,3.7,11,25,68,16,19,29,3,1
Mateus Claus,br BRA,GK,Juventude,29,1994,5,4,406,10,33,23,0,0,0,0,0,9.1,17,62,112,22,41,96,2,3
Matheus Cunha,br BRA,GK,Flamengo,22,2001,3,3,270,3,10,7,2,0,0,0,0,2.2,15,29,103,10,13,38,3,2
Gabriel Delfim,br BRA,GK,Atlético Mineiro,21,2002,1,1,90,1,3,2,0,0,0,0,0,1.1,1,5,21,7,9,10,2,0
Matheus Donelli,br BRA,GK,Corinthians,21,2002,7,7,630,12,40,27,0,2,1,1,0,10.2,20,66,145,29,53,113,1,1
Vitor Eudes,br BRA,GK,Fluminense,25,1998,1,1,90,2,5,3,0,0,0,0,0,1.6,4,15,27,5,11,14,0,3
Éverson,br BRA,GK,Atlético Mineiro,33,1990,25,25,2242,31,95,64,8,5,4,1,0,29.8,102,241,622,97,176,310,11,22
Fábio,br BRA,GK,Fluminense,43,1980,37,37,3330,37,168,131,13,4,4,0,0,51.4,84,290,643,154,273,531,28,26
Fabrício,br BRA,GK,RB Bragantino,23,2000,1,1,90,2,7,5,0,0,0,0,0,2.7,3,7,16,7,5,12,0,0
Fabrício,br BRA,GK,Internacional,38,1986,8,8,720,8,34,26,3,1,1,0,0,8.1,20,77,150,32,50,120,5,7
Marcos Felipe,br BRA,GK,Bahia,27,1996,34,34,2996,43,150,106,9,3,2,1,0,42.0,133,296,1069,196,204,473,48,71
Danilo Fernandes,br BRA,GK,Bahia,35,1988,1,1,90,0,2,2,1,0,0,0,0,0.3,2,7,16,5,9,18,0,1
Gatito Fernández,py PAR,GK,Botafogo (RJ),35,1988,4,4,360,4,15,11,2,0,0,0,0,5.2,19,45,96,13,28,85,2,3
Gabriel,br BRA,GK,Juventude,31,1992,34,34,3014,49,156,106,6,11,9,2,0,52.7,129,353,888,135,224,481,44,38
Gustavo,br BRA,GK,Criciúma,30,1993,34,34,2997,54,174,119,6,6,4,2,0,56.5,162,396,601,123,293,570,23,13
Jandrei,br BRA,GK,São Paulo,30,1993,13,13,1170,16,56,41,4,1,1,0,0,10.7,71,174,421,60,98,195,14,5
Léo Jardim,br BRA,GK,Vasco da Gama,28,1995,38,38,3420,56,203,147,8,0,0,0,0,61.2,178,448,740,165,308,602,30,15
John,br BRA,GK,Botafogo (RJ),27,1996,34,34,3060,25,117,91,16,6,5,1,0,33.0,124,331,884,119,210,432,24,46
Leonardo Linck,br BRA,GK,Ath Paranaense,22,2001,14,14,1223,21,65,44,1,0,0,0,0,18.5,62,145,276,55,78,200,10,10
Marcelo Lomba,br BRA,GK,Palmeiras,37,1986,1,1,90,2,3,1,0,0,0,0,0,1.0,1,4,18,4,7,7,1,0
Lucão,br BRA,GK,RB Bragantino,22,2001,8,6,631,9,32,23,1,0,0,0,0,8.2,20,80,136,28,64,167,4,7
Agustín Marchesín,ar ARG,GK,Grêmio,35,1988,28,28,2475,32,133,100,7,8,6,2,0,34.8,138,406,602,98,215,447,25,13
Matheus Mendes,br BRA,GK,Atlético Mineiro,24,1999,13,12,1087,22,67,44,1,2,1,1,0,25.8,34,80,252,51,79,166,9,14
Carlos Miguel,br BRA,GK,Corinthians,25,1998,6,6,540,7,29,24,2,1,1,0,0,7.1,33,66,139,26,46,98,4,6
Mycael,br BRA,GK,Ath Paranaense,19,2004,19,17,1565,21,83,60,4,2,0,2,0,23.5,84,218,273,55,131,250,4,5
Mateus Pasinato,br BRA,GK,Cuiabá,31,1992,2,2,180,2,7,5,1,0,0,0,0,1.7,9,19,30,8,16,23,0,0
Rafael Pires,br BRA,GK,São Paulo,34,1989,25,25,2250,27,92,67,8,2,2,0,0,23.8,86,196,508,100,165,277,16,12
Pedro Rangel,br BRA,GK,Atl Goianiense,23,2000,6,6,540,12,34,22,1,2,2,0,0,11.7,28,75,151,21,43,84,6,7
João Ricardo Riedi,br BRA,GK,Fortaleza,35,1988,38,38,3420,39,195,156,13,5,5,0,0,52.5,194,511,682,150,299,645,44,13
Sergio Rochet,uy URU,GK,Internacional,30,1993,28,28,2520,27,100,73,8,3,3,0,0,26.9,119,331,590,100,148,334,31,40
Ronaldo,br BRA,GK,Atl Goianiense,27,1996,32,32,2879,45,141,95,6,7,4,3,0,42.6,161,409,647,114,245,436,37,25
Agustín Rossi,ar ARG,GK,Flamengo,28,1995,35,35,3150,39,120,80,8,5,2,2,1,41.6,140,346,1009,147,187,432,48,21
Cleiton Schwengber,br BRA,GK,RB Bragantino,26,1997,31,31,2699,37,144,106,5,3,1,2,0,45.6,129,403,759,142,218,474,30,55
Hugo Souza,br BRA,GK,Corinthians,25,1999,22,22,1980,23,96,73,7,4,4,0,0,28.4,70,204,443,105,160,307,15,14
Walter,br BRA,GK,Cuiabá,36,1987,36,36,3240,47,174,126,9,7,6,1,0,52.2,204,455,732,142,324,662,30,11
Wéverton,br BRA,GK,Palmeiras,36,1987,37,37,3330,31,149,119,16,2,1,0,1,40.4,152,478,900,177,232,443,40,27
Carlos Acevedo,mx MEX,GK,Santos,27,1996,23,23,2005,38,114,75,5,7,6,1,0,39.3,93,251,460,80,185,378,12,17
Guillermo Allison,mx MEX,GK,Querétaro,32,1990,20,20,1784,27,111,84,5,4,3,1,0,32.1,161,392,384,55,208,311,14,6
Esteban Andrada,ar ARG,GK,Monterrey,32,1991,32,32,2880,32,125,93,11,4,3,1,0,36.2,205,424,1188,173,173,424,41,38
Luis Ángel Malagón,mx MEX,GK,América,26,1997,29,29,2565,22,90,68,13,1,1,0,0,29.6,110,302,618,95,209,395,17,11
José Antonio Rodríguez,mx MEX,GK,Tijuana,31,1992,28,28,2475,46,138,92,3,4,2,1,1,46.4,150,342,635,87,193,314,16,23
Alfonso Blanco Antúnez,mx MEX,GK,León,36,1987,2,2,180,2,10,8,0,2,1,0,1,3.2,6,15,44,11,11,25,2,2
Luis Cárdenas,mx MEX,GK,Monterrey,29,1993,2,2,180,2,11,9,1,0,0,0,0,2.6,8,18,101,18,9,28,2,1
José Corona,mx MEX,GK,Tijuana,42,1981,7,6,585,10,33,23,1,1,1,0,0,9.5,35,79,150,26,58,77,2,4
Rodolfo Cota,mx MEX,GK,León,36,1987,32,32,2880,45,127,83,7,6,6,0,0,41.7,96,263,667,164,239,458,28,33
Benny Díaz,mx MEX,GK,FC Juárez,24,1998,4,4,360,7,16,9,0,0,0,0,0,3.3,19,49,82,15,26,47,1,3
José Eulogio,mx MEX,GK,Pachuca,19,2004,2,2,180,4,8,4,0,0,0,0,0,3.2,4,17,35,10,23,23,1,1
Carlos Felipe Rodríguez,mx MEX,GK,UANL,34,1989,10,10,900,14,46,32,2,0,0,0,0,13.3,39,128,279,34,75,125,3,4
Hugo González Durán,mx MEX,GK,Mazatlán,32,1990,29,29,2548,48,143,94,6,5,1,2,2,48.5,178,433,793,147,269,482,31,19
Andrés Gudiño,mx MEX,GK,Cruz Azul,26,1997,14,13,1219,22,69,48,2,4,4,0,0,18.8,64,200,257,49,117,187,12,8
Raúl Gudiño,mx MEX,GK,Necaxa,27,1996,10,10,855,15,41,30,1,1,1,0,0,13.5,55,158,196,26,96,166,4,1
Ricardo Gutiérrez,mx MEX,GK,Mazatlán,26,1997,7,5,512,11,31,21,1,2,2,0,0,9.4,25,51,159,26,36,88,2,4
Nahuel Guzmán,ar ARG,GK,UANL,37,1986,24,24,2160,27,101,76,7,2,2,0,0,25.8,124,288,880,111,159,293,27,45
Héctor Holguín,mx MEX,GK,Santos,22,2001,4,2,245,5,16,10,0,1,0,1,0,5.1,16,37,44,8,30,40,1,1
Oscar Jiménez,mx MEX,GK,América,34,1988,6,5,495,4,26,22,3,0,0,0,0,7.0,15,40,113,25,42,58,1,2
Miguel Jiménez Ponce,mx MEX,GK,Guadalajara,33,1990,16,15,1425,21,68,46,5,5,4,1,0,22.6,61,180,297,56,126,203,4,11
Julio José González,mx MEX,GK,UNAM,32,1991,34,34,3060,40,137,97,12,10,8,2,0,39.1,198,466,759,159,308,469,38,53
Sebastián Jurado,mx MEX,GK,Cruz Azul,25,1997,4,4,308,7,12,5,0,1,1,0,0,6.2,10,40,85,5,29,41,2,3
Sebastián Jurado,mx MEX,GK,FC Juárez,25,1997,13,13,1170,19,59,40,2,1,0,1,0,20.1,35,122,249,51,119,203,7,4
Gibran Lajud,mx MEX,GK,Santos,29,1993,9,9,810,19,48,29,1,2,2,0,0,14.9,35,133,151,30,76,139,6,6
Kevin Mier,co COL,GK,Cruz Azul,23,2000,17,17,1530,14,44,30,8,3,1,0,2,13.7,53,132,597,67,120,177,10,34
Carlos Moreno,mx MEX,GK,Pachuca,25,1998,29,29,2610,44,126,83,7,5,5,0,0,43.7,195,464,541,121,273,380,22,23
Ramón Pasquel,mx MEX,GK,FC Juárez,27,1996,1,0,60,1,2,1,0,1,1,0,0,1.1,2,7,16,3,8,10,0,0
José Rangel Aguilar,mx MEX,GK,Guadalajara,23,2000,19,19,1635,18,72,54,6,4,3,0,1,18.9,64,178,435,80,123,224,18,13
Jesús Rodríguez,mx MEX,GK,Puebla,30,1993,34,34,3060,68,194,126,3,7,6,1,0,61.3,179,404,970,167,346,541,29,15
Andrés Sánchez,mx MEX,GK,Atlético,25,1997,24,24,2160,45,117,72,4,3,3,0,0,37.9,54,157,528,124,205,360,15,24
Alfredo Talavera,mx MEX,GK,FC Juárez,40,1982,17,17,1469,33,86,53,0,3,3,0,0,29.5,77,230,405,73,143,264,9,9
Fernando Tapia,mx MEX,GK,Querétaro,22,2001,15,14,1276,23,79,55,3,4,3,1,0,26.3,87,278,264,31,128,244,11,4
Ezequiel Unsain,ar ARG,GK,Necaxa,28,1995,25,24,2205,41,114,75,6,3,3,0,0,39.3,153,446,453,49,237,412,24,7
Diego Urtiaga,mx MEX,GK,Atlético,24,1998,10,10,900,16,51,35,3,2,2,0,0,16.8,25,68,205,49,100,160,3,1
Óscar Ustari,ar ARG,GK,Pachuca,37,1986,3,3,270,6,13,7,0,0,0,0,0,5.5,20,47,58,13,29,46,1,7
Camilo Vargas,co COL,GK,Atlas,34,1989,34,34,3060,55,144,88,8,8,7,1,0,45.1,176,505,948,116,304,467,21,38
Tiago Volpi,br BRA,GK,Toluca,32,1990,34,34,3060,42,147,105,9,2,2,0,0,42.6,162,417,1054,140,203,441,23,34
Lucas Acosta,ar ARG,GK,Sarmiento,28,1995,23,23,2070,24,104,81,9,2,2,0,0,30.4,137,436,391,50,261,408,15,9
Alan Aguerre,ar ARG,GK,Lanús,33,1990,10,10,900,14,43,28,1,2,1,1,0,13.0,67,176,199,24,98,172,3,4
Facundo Altamirano,ar ARG,GK,San Lorenzo,27,1996,9,9,810,11,32,22,2,0,0,0,0,10.7,23,86,197,28,55,117,3,8
Ignacio Arce,ar ARG,GK,Deportivo Riestra,31,1992,25,25,2250,25,115,90,12,4,4,0,0,33.3,250,684,641,33,227,569,40,28
Gabriel Arias,cl CHI,GK,Racing Club,36,1987,21,21,1845,18,63,46,10,2,1,0,1,15.2,101,247,429,68,160,233,9,21
Franco Armani,ar ARG,GK,River Plate,37,1986,22,22,1980,16,68,51,9,4,3,1,0,19.7,58,124,395,109,154,222,10,21
Thyago Ayala,ar ARG,GK,Sarmiento,22,2001,1,1,90,0,3,3,1,0,0,0,0,0.5,8,24,16,0,9,17,0,0
Marcelo Barovero,ar ARG,GK,Banfield,39,1984,2,2,118,1,2,1,0,0,0,0,0,0.9,4,12,34,4,14,20,1,0
Enrique Bologna,ar ARG,GK,Defensa y Just,41,1982,17,17,1530,16,60,42,7,3,1,2,0,18.6,119,277,404,66,161,297,9,8
Leandro Brey,ar ARG,GK,Boca Juniors,21,2002,12,11,999,8,45,36,6,3,2,1,0,12.2,28,107,226,51,77,161,10,8
Jorge Broun,ar ARG,GK,Rosario Central,37,1986,24,24,2160,27,100,74,6,3,3,0,0,24.6,116,284,470,111,180,295,14,8
Lautaro Bursich,ar ARG,GK,Cen. Córdoba–SdE,21,2002,1,1,90,2,4,2,0,0,0,0,0,1.0,5,15,12,5,14,7,0,0
Facundo Cambeses,ar ARG,GK,Racing Club,26,1997,7,6,585,12,34,21,1,1,0,1,0,10.3,18,74,133,19,48,92,3,5
Dante Campisi,ar ARG,GK,Unión,27,1996,1,1,90,1,3,2,0,0,0,0,0,1.2,5,8,11,1,5,2,0,1
Thiago Cardozo,uy URU,GK,Unión,27,1996,26,26,2340,25,94,68,12,7,6,1,0,26.3,125,370,498,114,211,369,21,20
Ezequiel Centurión,ar ARG,GK,River Plate,26,1997,1,1,90,2,3,1,0,1,1,0,0,1.6,1,6,23,10,2,8,1,0
Ezequiel Centurión,ar ARG,GK,Ind. Rivadavia,26,1997,22,22,1980,23,84,60,8,3,2,1,0,20.0,104,364,356,55,203,392,24,7
Ignacio Chicco,ar ARG,GK,Belgrano,27,1996,8,7,656,8,25,17,2,0,0,0,0,7.0,29,79,191,34,44,113,9,10
Mateo Clemente,ar ARG,GK,San Lorenzo,21,2002,1,1,90,1,2,1,0,0,0,0,0,0.3,0,1,10,2,2,3,0,1
Juan Cozzani,ar ARG,GK,Platense,25,1998,26,26,2339,18,86,68,13,2,1,0,1,21.1,193,543,493,35,201,347,24,30
Tomás Durso,ar ARG,GK,Atlé Tucumán,24,1999,27,27,2430,27,95,68,11,3,2,1,0,27.5,203,525,467,47,231,419,15,25
Juan Espínola,py PAR,GK,Belgrano,29,1994,15,15,1324,15,65,50,4,0,0,0,0,16.1,79,245,358,37,122,321,33,12
Rafael Ferrario,ar ARG,GK,Barracas Central,23,2000,8,8,720,8,28,21,2,0,0,0,0,7.6,66,169,147,23,74,149,10,6
Cristopher Fiermarin,uy URU,GK,Defensa y Just,26,1998,10,10,900,17,42,26,1,3,2,1,0,15.8,45,111,280,45,102,171,10,4
Hernán Galíndez,ec ECU,GK,Huracán,36,1987,24,24,2160,14,67,53,13,1,1,0,0,18.6,111,392,612,76,184,359,23,8
Lautaro Garzón,ar ARG,GK,Vélez Sarsfield,20,2003,1,0,39,1,2,1,0,0,0,0,0,0.6,0,1,7,2,2,6,1,0
Orlando Gil,py PAR,GK,San Lorenzo,23,2000,1,1,90,1,3,2,0,0,0,0,0,1.1,3,11,15,4,13,14,1,0
Gastón Gómez,ar ARG,GK,San Lorenzo,27,1996,16,16,1440,13,51,39,5,2,2,0,0,13.6,93,242,288,39,142,229,6,6
Guido Herrera,ar ARG,GK,Talleres,31,1992,26,26,2340,26,90,65,11,4,4,0,0,21.9,177,396,622,72,178,401,29,18
Lucas Hoyos,ar ARG,GK,Newell's OB,34,1989,11,11,976,10,34,25,4,2,1,0,1,11.7,62,157,271,24,72,154,12,9
Fabricio Iacovich,ar ARG,GK,Estudiantes–LP,22,2002,1,1,90,2,4,3,0,0,0,0,0,0.8,2,11,26,10,10,26,4,0
Marcos Ignacio Ledesma,ar ARG,GK,Gimnasia–LP,27,1996,18,18,1620,11,53,43,9,1,0,0,1,12.4,92,257,354,100,170,298,32,21
Luis Ingolotti,ar ARG,GK,Cen. Córdoba–SdE,24,2000,26,26,2340,34,110,75,6,3,2,1,0,32.4,95,313,536,119,161,316,24,23
Nelson Insfrán,ar ARG,GK,Gimnasia–LP,28,1995,9,9,809,11,36,25,1,0,0,0,0,8.7,52,116,200,45,69,142,12,9
Jeremías Ledesma,ar ARG,GK,River Plate,30,1993,4,4,360,3,18,15,2,0,0,0,0,3.5,11,26,102,30,26,53,2,3
Nahuel Losada,ar ARG,GK,Belgrano,30,1993,5,5,450,9,27,19,1,2,2,0,0,7.8,25,73,128,24,36,114,6,4
Nahuel Losada,ar ARG,GK,Lanús,30,1993,17,17,1530,17,74,58,8,1,1,0,0,21.0,73,208,407,107,139,247,16,22
Ramiro Macagno,ar ARG,GK,Newell's OB,26,1997,14,13,1184,23,59,36,3,1,1,0,0,17.5,65,183,326,62,74,178,10,18
Nahuel Manganelli,ar ARG,GK,Deportivo Riestra,22,2001,2,2,180,2,7,5,0,0,0,0,0,2.6,13,46,31,4,26,47,2,7
Matías Mansilla,ar ARG,GK,Estudiantes–LP,27,1996,26,26,2340,32,99,68,5,4,4,0,0,33.1,90,244,479,133,197,391,31,18
Tomás Marchiori,ar ARG,GK,Vélez Sarsfield,28,1995,26,26,2301,15,76,61,15,3,2,1,0,17.9,94,288,568,136,201,340,15,21
Gonzalo Marinelli,ar ARG,GK,Ind. Rivadavia,34,1989,5,5,450,2,10,8,3,1,1,0,0,3.4,25,70,70,11,50,74,3,3
Diego Matías Rodríguez,ar ARG,GK,Arg Juniors,34,1989,27,27,2430,28,90,63,10,4,4,0,0,26.4,126,323,620,85,183,301,6,18
Sebastián Meza,ar ARG,GK,Huracán,23,2000,3,3,270,4,14,10,2,0,0,0,0,4.7,12,40,76,11,20,42,3,1
Marcelo Miño,ar ARG,GK,Barracas Central,26,1997,10,10,900,14,63,50,4,1,1,0,0,15.2,72,183,215,56,96,178,6,3
Lautaro Morales,ar ARG,GK,Talleres,24,1999,1,1,90,1,2,1,0,0,0,0,0,0.1,1,5,22,3,2,3,0,0
Sebastián Moyano,ar ARG,GK,Barracas Central,33,1990,9,9,810,11,43,33,2,3,3,0,0,13.6,40,95,191,54,108,185,14,15
Franco Petroli,ar ARG,GK,Godoy Cruz,25,1998,26,26,2340,27,98,71,7,2,0,2,0,31.2,203,489,791,116,202,348,26,27
Jerónimo Pourtau,ar ARG,GK,Sarmiento,24,2000,3,3,270,4,11,7,0,0,0,0,0,2.2,10,62,43,3,29,41,2,0
Roberto Ramírez,ar ARG,GK,Godoy Cruz,27,1996,1,1,90,1,4,3,0,0,0,0,0,1.3,7,12,38,3,1,11,1,3
Josue Reinatti,ar ARG,GK,Newell's OB,20,2003,3,3,270,2,6,4,1,0,0,0,0,1.7,14,59,67,10,35,45,3,0
Rodrigo Rey,ar ARG,GK,Independiente,32,1991,27,27,2430,17,81,63,15,3,2,1,0,23.1,152,368,596,92,223,361,31,16
Randall Rodríguez,uy URU,GK,Vélez Sarsfield,20,2003,1,1,90,0,2,2,1,0,0,0,0,0.2,6,13,28,6,11,10,0,1
Manuel Roffo,ar ARG,GK,Instituto,23,2000,27,27,2430,31,94,63,7,3,2,1,0,29.2,148,371,551,73,189,428,37,13
Sergio Romero,ar ARG,GK,Boca Juniors,36,1987,16,16,1431,15,60,44,5,1,0,1,0,18.3,35,150,339,89,137,249,11,5
Facundo Sanguinetti,ar ARG,GK,Banfield,22,2001,26,25,2312,35,107,70,5,5,3,2,0,30.9,99,308,509,112,206,391,25,10
Alan Sosa,ar ARG,GK,Tigre,27,1996,3,2,236,2,14,12,0,0,0,0,0,3.5,7,18,58,15,20,46,3,0
Nicolás Sumavil,ar ARG,GK,Platense,24,1999,1,1,90,0,2,2,1,0,0,0,0,0.3,5,17,10,0,7,9,1,0
Axel Werner,ar ARG,GK,Rosario Central,27,1996,3,3,270,3,16,13,1,1,0,0,1,4.6,18,56,71,19,20,45,0,2
Felipe Zenobio,ar ARG,GK,Tigre,23,2000,25,25,2194,28,93,66,9,3,3,0,0,28.8,73,219,543,134,206,411,36,15
Antonio Adán,es ESP,GK,Sporting CP,36,1987,22,22,1980,22,55,33,9,4,4,0,0,18.8,67,176,504,83,97,203,16,8
Andrew,br BRA,GK,Gil Vicente FC,22,2001,32,32,2880,46,143,97,9,7,5,2,0,43.9,121,392,824,151,303,470,27,39
Ricardo Batista,pt POR,GK,Casa Pia,36,1986,31,31,2785,45,145,100,10,1,1,0,0,43.7,144,457,759,111,295,520,31,17
Bruno Brigido,br BRA,GK,Estrela,32,1991,26,26,2340,43,119,77,4,3,2,0,1,39.7,101,274,605,121,217,349,26,32
Fabijan Buntić,hr CRO,GK,Vizela,26,1997,28,27,2496,60,137,78,6,6,5,0,1,46.2,121,317,663,104,232,466,19,36
Cambila,ao ANG,GK,Estrela,21,2002,1,0,17,3,6,2,0,1,0,1,0,3.3,0,0,5,0,1,1,1,1
Marcelo Carné,br BRA,GK,Estoril,33,1990,22,22,1979,28,105,78,8,2,1,1,0,31.6,67,244,492,121,220,346,15,15
António Filipe de Carvalho,pt POR,GK,Estrela,38,1985,3,3,270,3,10,7,2,0,0,0,0,4.1,8,36,92,17,26,42,4,5
Miguel Carvalho,pt POR,GK,Farense,27,1996,2,2,180,5,11,6,0,0,0,0,0,4.7,8,21,38,13,16,26,2,0
Charles,br BRA,GK,Vitória,29,1994,8,7,675,7,27,20,3,1,1,0,0,9.7,31,89,131,27,57,124,9,5
Diogo Costa,pt POR,GK,Porto,23,1999,33,33,2944,25,77,53,13,6,4,1,1,25.1,116,278,1030,126,187,352,25,53
Ignacio De Arruabarrena,uy URU,GK,Arouca,26,1997,31,31,2790,45,142,96,4,9,7,1,1,48.0,109,367,945,200,222,446,39,57
Vinicius Dias,br BRA,GK,Gil Vicente FC,26,1997,2,2,180,6,11,5,0,0,0,0,0,3.8,5,16,34,8,17,35,1,0
Dida,br BRA,GK,Estrela,25,1998,5,5,427,4,13,9,1,0,0,0,0,4.0,17,51,147,37,40,81,6,10
Daniel Figueira,pt POR,GK,Estoril,25,1998,12,12,1080,29,61,33,2,1,1,0,0,20.6,27,91,234,61,90,136,0,23
João Gonçalves,pt POR,GK,Boavista,22,2000,34,34,3060,62,172,111,3,6,4,0,2,58.3,138,424,616,148,316,517,21,24
Franco Israel,uy URU,GK,Sporting CP,23,2000,10,10,900,7,23,16,5,0,0,0,0,5.6,18,40,187,33,47,101,5,8
Jhonatan,br BRA,GK,Rio Ave,32,1991,26,26,2340,30,118,88,9,3,1,1,1,34.1,101,298,724,134,224,440,34,25
Luiz Lúcio Reis Júnior,br BRA,GK,Famalicão,22,2001,33,33,2970,39,145,105,8,8,3,3,2,47.8,176,426,891,206,250,466,47,49
Kewin,br BRA,GK,Moreirense,27,1995,30,30,2686,34,119,86,13,1,1,0,0,32.3,188,466,867,127,260,489,35,18
Magrão,br BRA,GK,Rio Ave,23,2000,7,7,630,12,31,19,1,1,1,0,0,11.8,21,64,168,43,54,78,3,7
Matheus,br BRA,GK,Braga,31,1992,34,34,3060,50,127,79,6,7,6,0,1,46.4,151,386,985,151,251,419,24,72
Mika,pt POR,GK,Moreirense,32,1991,1,0,14,0,0,0,0,0,0,0,0,0.0,4,7,10,1,2,3,1,0
Cezary Miszta,pl POL,GK,Rio Ave,21,2001,1,1,90,1,9,8,0,0,0,0,0,1.1,3,6,36,6,8,8,0,0
Mosquito,br BRA,GK,Arouca,27,1996,2,2,180,5,7,3,0,0,0,0,0,3.3,11,25,94,5,13,25,1,6
Rodrigo Moura,br BRA,GK,Chaves,27,1996,7,7,630,16,35,19,0,1,1,0,0,12.5,44,108,155,39,55,104,13,1
Kosuke Nakamura,jp JPN,GK,Portimonense,28,1995,20,20,1800,38,95,59,2,3,2,0,1,38.6,94,267,380,82,187,343,17,19
Lucas Paes,br BRA,GK,Casa Pia,25,1997,4,3,273,5,14,9,0,0,0,0,0,3.9,11,28,84,21,18,42,4,5
Diogo Pinto,pt POR,GK,Sporting CP,19,2004,2,2,171,0,1,1,1,0,0,0,0,0.0,7,10,32,6,11,15,3,2
Gonçalo Pinto,pt POR,GK,Chaves,23,2000,1,1,90,3,8,5,0,1,1,0,0,2.6,10,24,14,0,13,21,0,0
Cláudio Ramos,pt POR,GK,Porto,31,1991,2,1,114,2,4,2,0,0,0,0,0,1.0,9,17,51,6,5,22,1,4
Francesco Ruberto,ch SUI,GK,Vizela,30,1993,7,7,564,6,24,19,2,0,0,0,0,7.9,42,118,183,18,56,116,6,10
Caio Secco,br BRA,GK,Moreirense,32,1990,4,4,360,1,9,8,3,0,0,0,0,2.9,16,46,89,18,27,56,0,0
Francisco Silva,pt POR,GK,Sporting CP,17,2005,1,0,9,0,0,0,1,0,0,0,0,0.0,0,0,0,0,2,1,0,0
Vinicius Silvestre,br BRA,GK,Portimonense,29,1994,14,14,1260,34,79,48,1,3,3,0,0,28.2,92,229,318,55,142,270,16,6
Samuel Soares,pt POR,GK,Benfica,21,2002,5,5,450,3,11,8,3,1,1,0,0,3.3,11,31,104,20,34,53,4,4
Hugo Souza,br BRA,GK,Chaves,24,1999,26,26,2340,53,141,86,4,6,4,2,0,50.2,170,442,547,131,258,455,22,14
Anatolii Trubin,ua UKR,GK,Benfica,21,2001,28,28,2520,22,98,73,13,5,2,3,0,29.4,51,136,534,114,184,298,13,16
João Valido,pt POR,GK,Arouca,23,2000,1,1,90,0,1,1,1,0,0,0,0,0.1,3,4,31,9,8,11,0,6
Bruno Varela,cv CPV,GK,Vitória,28,1994,27,27,2385,31,99,68,7,5,4,1,0,35.8,157,349,618,86,179,345,18,34
Ricardo Velho,pt POR,GK,Farense,24,1998,32,32,2880,46,181,135,7,7,6,1,0,57.9,190,625,681,129,369,708,41,18
Odysseas Vlachodimos,gr GRE,GK,Benfica,29,1994,1,1,90,3,4,1,0,1,1,0,0,2.7,3,6,15,2,5,11,1,1
Ivan Zlobin,ru RUS,GK,Famalicão,26,1997,1,1,90,2,4,2,0,0,0,0,0,1.4,1,2,13,6,3,11,1,0
